PPID,PP,EAL,SEN,HML,Re,Wr,Ma,Att8Est,Att8Act,Att8Diff,EngEst,EngAct,EngDiff,MathsEst,MathsAct,MathsDiff,EbaccEst,EbaccAct,EbaccDiff
617,1,0,0,,,,,,1.9,,,1.5,,,2,,,0,
283,1,1,0,,,,,,4.3,,,3,,,5.5,,,3.7,
75,0,0,0,M,,,3,2.9,4.1,1.17,3.5,4,0.54,2.9,4,1.13,1.9,1.3,-0.57
1019,1,0,0,L,,,3,2.2,3.5,1.26,2.8,4,1.18,2,3,0.98,1.2,2,0.84
474,0,0,0,L,3C,3B,N,1.7,2.9,1.21,2.2,3,0.76,1.3,3,1.65,0.7,2,1.28
20,0,0,0,H,5B,5C,5C,5.8,6.6,0.74,6,7,1.03,5.9,7,1.13,5.6,5.5,-0.08
313,0,0,0,,,,,,2.9,,,4,,,3,,,0,
443,0,0,1,,,,,,1.8,,,2,,,1,,,0,
844,0,0,0,M,4B,3A,5B,4.9,4.8,-0.11,5.3,5.5,0.24,4.8,7,2.15,4.5,2,-2.51
362,0,1,0,M,,,4B,3.9,5.4,1.48,4.3,5.5,1.19,3.8,5.5,1.69,3.1,6,2.89
407,1,0,0,L,4B,4C,3B,2.8,3.8,0.94,3.4,4,0.63,2.8,3,0.24,1.8,2.7,0.9
327,0,0,0,M,4C,4B,4B,3.7,4.4,0.64,4.2,4,-0.16,3.7,5.5,1.82,2.9,4,1.09
785,0,0,1,M,,,4B,3.9,3.4,-0.52,4.3,5.5,1.19,3.8,3,-0.81,3.1,1,-2.11
887,1,0,0,L,3C,4C,3C,2,1.1,-0.92,2.6,1.5,-1.11,1.8,0,-1.76,1,0.3,-0.64
503,0,0,0,M,4A,4C,4B,3.9,2.3,-1.62,4.3,2,-2.31,3.8,3,-0.81,3.1,0.3,-2.78
851,0,0,0,M,5C,4C,4C,3.7,2.7,-1.06,4.2,3,-1.16,3.7,3,-0.68,2.9,0.5,-2.41
638,0,0,0,H,,,5C,5.1,4.7,-0.39,5.4,3,-2.37,5,5.5,0.46,4.7,5,0.3
215,0,0,1,M,4C,3A,4B,3.3,3.4,0.09,3.8,4,0.18,3.3,4,0.7,2.4,1,-1.39
355,1,0,0,M,,,3,2.9,2.6,-0.33,3.5,2,-1.46,2.9,3,0.13,1.9,1.5,-0.41
415,0,0,0,L,4B,3A,3C,2.5,3.7,1.13,3.1,5.5,2.39,2.4,3,0.6,1.4,1,-0.45
950,0,0,0,M,4A,4C,4B,3.9,4,0.08,4.3,5.5,1.19,3.8,4,0.19,3.1,1.3,-1.78
371,0,0,0,L,,,3B,2.2,2,-0.24,2.8,2,-0.82,2,2,-0.02,1.2,0,-1.16
754,0,0,0,M,,,4B,3.9,4.9,1.03,4.3,4,-0.31,3.8,5.5,1.69,3.1,4,0.89
318,0,0,1,M,4B,4B,5B,5.1,2,-3.09,5.4,2,-3.37,5,3,-2.04,4.7,0.7,-4.03
297,1,0,0,M,,,3,2.9,1.3,-1.63,3.5,2,-1.46,2.9,0,-2.87,1.9,0.3,-1.57
700,1,0,0,M,,,4B,3.9,4.7,0.83,4.3,7,2.69,3.8,5.5,1.69,3.1,1.3,-1.78
748,1,1,0,L,,,N,2.2,2.2,-0.09,2.8,4,1.18,2,0,-2.02,1.2,1,-0.16
876,0,0,0,H,,,5,6.4,4.8,-1.66,6.5,7,0.5,6.5,4,-2.51,6.3,3,-3.26
314,1,0,1,L,4B,3A,3C,2.4,1.6,-0.77,2.9,2,-0.93,2.2,2,-0.2,1.3,0,-1.27
543,1,0,0,M,4A,4B,4B,4.1,3.1,-1.09,4.6,4,-0.56,4.1,3,-1.09,3.5,1.8,-1.65
141,0,0,0,M,,,4,3.9,2.4,-1.47,4.3,3,-1.31,3.8,2,-1.81,3.1,0.7,-2.45
206,0,0,0,M,,,4B,3.9,2.9,-1.02,4.3,4,-0.31,3.8,3,-0.81,3.1,1.3,-1.78
935,1,0,0,M,4A,3A,4B,3.7,1.3,-2.46,4.2,1,-3.16,3.7,2,-1.68,2.9,0.3,-2.58
48,0,0,1,H,,,5,6.4,4.6,-1.86,6.5,5.5,-1,6.5,5.5,-1.01,6.3,1.3,-4.93
580,0,0,0,M,4B,4A,4A,4.7,2.5,-2.15,5,2,-3.01,4.6,4,-0.57,4.2,0.7,-3.49
278,0,0,0,H,5B,4B,5C,6.1,5.5,-0.64,6.2,7,0.77,6.3,5.5,-0.78,6,5,-0.98
427,0,0,0,M,5C,4B,4C,3.9,3.1,-0.82,4.3,4,-0.31,3.8,3,-0.81,3.1,1.3,-1.78
172,0,0,0,H,5B,5C,5C,6.5,4.8,-1.69,6.5,5.5,-1.02,6.7,4,-2.7,6.4,4.2,-2.22
259,0,0,1,L,N,3A,3B,2.2,1.5,-0.63,2.7,1.5,-1.24,1.9,2,0.06,1.1,0.7,-0.43
113,0,0,0,H,5B,5B,4A,5.8,3.9,-1.91,6,5.5,-0.47,5.9,3,-2.87,5.6,2.3,-3.25
403,0,0,0,M,,,4,3.9,2.5,-1.42,4.3,3,-1.31,3.8,2,-1.81,3.1,0.7,-2.45
109,0,0,0,M,4B,4A,4B,4.1,3.5,-0.69,4.6,5.5,0.94,4.1,4,-0.09,3.5,1,-2.48
66,0,0,1,M,5C,4B,5C,4.9,2.1,-2.88,5.3,4,-1.26,4.8,3,-1.85,4.5,0.7,-3.85
261,0,0,0,M,3C,4C,4B,3.3,2.4,-0.91,3.8,2,-1.82,3.3,4,0.7,2.4,0,-2.39
492,1,0,0,M,4B,,3A,3.3,2,-1.31,3.8,3,-0.82,3.3,2,-1.3,2.4,0.3,-2.05
51,0,0,0,M,4B,4B,3A,3.1,2,-1.19,3.6,3,-0.64,3.1,0,-3.13,2.2,0.3,-1.84
819,1,0,0,M,,,4,3.9,7.9,4.03,4.3,8.5,4.19,3.8,8.5,4.69,3.1,7.5,4.39
390,0,0,0,H,5B,4A,4A,5.1,5.7,0.56,5.4,7,1.63,5,4,-1.04,4.7,5.5,0.8
216,0,0,1,H,5B,4A,5C,5.5,3.8,-1.71,5.7,4,-1.73,5.5,4,-1.52,5.2,2.3,-2.88
962,0,0,0,H,5B,5C,5B,6.4,5.2,-1.21,6.5,5.5,-1,6.5,5.5,-1.01,6.3,4,-2.26
881,0,0,0,M,4A,3A,4B,3.5,2.6,-0.91,4,3,-0.99,3.5,3,-0.49,2.6,0.7,-1.97
599,1,0,0,M,5C,4A,4B,4.7,3.5,-1.15,5,4,-1.01,4.6,4,-0.57,4.2,1.3,-2.82
270,1,0,0,L,4C,3A,N,2,2.1,0.03,2.6,1,-1.61,1.8,2,0.24,1,1,0.03
716,1,0,0,M,,,3B,2.9,1.5,-1.48,3.5,0,-3.46,2.9,2,-0.87,1.9,0.3,-1.57
56,1,0,0,L,3B,3C,4B,2.8,2.5,-0.31,3.4,2,-1.37,2.8,3,0.24,1.8,0.5,-1.26
745,1,0,0,H,,,5,5.1,4,-1.14,5.4,3,-2.37,5,4,-1.04,4.7,3,-1.7
914,0,0,0,M,4B,3A,4C,3.3,2.8,-0.51,3.8,3,-0.82,3.3,4,0.7,2.4,0.7,-1.72
854,0,0,0,M,4C,4C,4B,3.7,2.2,-1.51,4.2,3,-1.16,3.7,2,-1.68,2.9,1,-1.91
237,0,0,1,L,4B,3A,3B,2.7,2.5,-0.21,3.2,2,-1.23,2.6,3,0.42,1.6,1,-0.59
191,0,0,0,M,5C,4A,3B,3.5,3.2,-0.31,4,5.5,1.51,3.5,3,-0.49,2.6,1,-1.64
457,0,0,0,M,5C,4B,3B,3.1,2.8,-0.39,3.6,3,-0.64,3.1,3,-0.13,2.2,0.7,-1.51
377,0,0,0,M,5C,4A,3A,3.7,3.3,-0.46,4.2,4,-0.16,3.7,3,-0.68,2.9,0.7,-2.25
897,0,0,0,H,5C,4A,5C,5.1,4.2,-0.94,5.4,5.5,0.13,5,4,-1.04,4.7,2,-2.7
698,1,0,0,M,4A,4C,4B,4.1,2.9,-1.24,4.6,3,-1.56,4.1,4,-0.09,3.5,1.3,-2.15
854,1,1,0,H,5B,5A,5A,7.3,5.7,-1.62,7.2,7,-0.21,7.5,5.5,-2.01,7.3,6,-1.27
80,0,0,0,M,4B,4C,3A,3.1,3.9,0.71,3.6,5.5,1.86,3.1,3,-0.13,2.2,0.7,-1.51
616,0,0,0,M,4B,4B,4A,4.1,3.7,-0.44,4.6,3,-1.56,4.1,4,-0.09,3.5,2.7,-0.81
568,0,0,0,M,5B,5C,4B,4.9,4.6,-0.33,5.3,5.5,0.24,4.8,4,-0.85,4.5,3,-1.51
87,0,0,0,H,,,5,5.1,3.7,-1.44,5.4,4,-1.37,5,4,-1.04,4.7,2.3,-2.37
39,0,0,0,H,4A,4B,5B,5.5,1,-4.51,5.7,0,-5.73,5.5,3,-2.52,5.2,0.3,-4.88
224,1,0,0,L,3A,4A,3C,2.5,1.5,-1.02,3.1,2,-1.11,2.4,0,-2.4,1.4,0.5,-0.95
671,1,0,0,M,,,3B,2.9,1.4,-1.53,3.5,2,-1.46,2.9,0,-2.87,1.9,0.7,-1.24
231,0,0,0,H,5C,4A,5C,6.1,6.1,-0.04,6.2,7,0.77,6.3,7,0.72,6,5,-0.98
350,0,0,0,M,4A,3A,4C,3.5,1.9,-1.61,4,4,0.01,3.5,0,-3.49,2.6,0.7,-1.97
200,0,0,0,H,5B,4A,5C,5.8,4.4,-1.41,6,4,-1.97,5.9,5.5,-0.37,5.6,2.3,-3.25
430,1,0,0,M,,,4,3.9,6.7,2.83,4.3,5.5,1.19,3.8,8.5,4.69,3.1,6.5,3.39
157,0,0,0,M,4B,4B,4B,3.9,4,0.16,4.3,5.5,1.19,3.8,4,0.19,3.1,1.3,-1.78
266,0,0,1,L,,,3,2.2,2.7,0.46,2.8,3,0.18,2,3,0.98,1.2,1,-0.16
50,0,0,0,M,,,4,3.9,1.7,-2.17,4.3,2,-2.31,3.8,2,-1.81,3.1,0.7,-2.45
658,0,0,0,M,5C,4B,5C,4.9,6,1.02,5.3,4,-1.26,4.8,7,2.15,4.5,7,2.49
959,0,0,1,M,,,4,2.9,2.2,-0.78,3.5,2,-1.46,2.9,3,0.13,1.9,0,-1.91
837,0,0,1,M,,,4B,3.9,3.9,-0.02,4.3,4,-0.31,3.8,4,0.19,3.1,2,-1.11
846,0,0,0,L,3A,3B,4C,2.8,2.3,-0.51,3.4,4,0.63,2.8,2,-0.76,1.8,0.7,-1.1
89,1,0,0,M,4B,3B,4B,3.5,1.5,-2.01,4,1.5,-2.49,3.5,2,-1.49,2.6,0,-2.64
89,1,0,1,M,4B,4C,4B,3.7,2.3,-1.41,4.2,3,-1.16,3.7,3,-0.68,2.9,0.7,-2.25
232,0,0,0,M,5B,5C,4B,4.9,7,2.07,5.3,7,1.74,4.8,7,2.15,4.5,7,2.49
830,1,0,1,L,N,3A,3A,2.4,2.3,-0.12,2.9,1.5,-1.43,2.2,3,0.8,1.3,0,-1.27
961,0,0,0,H,5B,4A,5C,6.5,6.6,0.06,6.5,5.5,-1.02,6.7,7,0.3,6.4,7,0.61
577,0,0,0,M,4B,4B,4B,3.9,4.7,0.83,4.3,5.5,1.19,3.8,4,0.19,3.1,2.3,-0.78
617,0,1,0,L,N,N,N,1.5,1.6,0.09,2,2,0.01,1.1,0,-1.05,0.7,0,-0.68
190,0,0,0,M,,,4,3.9,3.8,-0.12,4.3,5.5,1.19,3.8,4,0.19,3.1,1.7,-1.45
719,0,0,0,M,,,4,3.9,5.1,1.18,4.3,5.5,1.19,3.8,4,0.19,3.1,5.5,2.39
860,0,0,1,L,3A,4C,3B,2.5,2,-0.57,3.1,2,-1.11,2.4,3,0.6,1.4,0,-1.45
609,1,0,0,H,5B,4A,5A,6.4,4.6,-1.81,6.5,4,-2.5,6.5,5.5,-1.01,6.3,4.5,-1.76
671,0,0,0,M,4B,3A,5C,4.1,4,-0.14,4.6,3,-1.56,4.1,7,2.91,3.5,2.7,-0.81
390,1,0,0,M,5B,5C,4B,4.9,4.5,-0.41,5.3,5.5,0.24,4.8,4,-0.85,4.5,4,-0.51
363,0,0,0,M,,,4,3.9,3.7,-0.22,4.3,4,-0.31,3.8,4,0.19,3.1,1.3,-1.78
904,0,0,0,M,4A,4B,5C,4.9,2.8,-2.18,5.3,3,-2.26,4.8,4,-0.85,4.5,0.5,-4.01
85,1,0,0,M,5C,4A,4C,4.1,4.7,0.56,4.6,5.5,0.94,4.1,4,-0.09,3.5,3.3,-0.15
162,1,0,0,M,4A,4B,4B,3.9,3.4,-0.52,4.3,4,-0.31,3.8,3,-0.81,3.1,2,-1.11
924,0,0,0,M,4C,4C,4C,3.1,4.1,0.91,3.6,3,-0.64,3.1,4,0.87,2.2,3.3,1.16
710,1,0,0,M,5C,4B,4A,4.4,3.3,-1.15,4.8,4,-0.8,4.3,3,-1.3,3.8,0.7,-3.16
616,1,0,1,L,,,3,2.2,1.8,-0.49,2.8,3,0.18,2,0,-2.02,1.2,0.5,-0.66
34,0,0,0,H,,,4,5.1,3.6,-1.54,5.4,4,-1.37,5,4,-1.04,4.7,2,-2.7
415,1,0,1,M,4A,4C,4B,3.7,1.3,-2.43,4.2,2,-2.16,3.7,0,-3.68,2.9,0.7,-2.25
725,1,0,0,M,4A,4C,4B,3.9,2.8,-1.07,4.3,3,-1.31,3.8,3,-0.81,3.1,2,-1.11
534,0,0,0,L,3A,3B,4C,2.8,2.2,-0.61,3.4,2,-1.37,2.8,3,0.24,1.8,0.3,-1.43
788,0,0,0,M,,,4,2.9,1.6,-1.33,3.5,3,-0.46,2.9,0,-2.87,1.9,0.7,-1.24
295,0,0,0,M,4A,4B,3B,3.1,3.9,0.71,3.6,4,0.36,3.1,4,0.87,2.2,2,-0.18
245,0,0,0,M,4C,3A,4C,3.1,2.3,-0.89,3.6,2,-1.64,3.1,3,-0.13,2.2,1.2,-1.01
852,1,1,0,M,4B,4A,4B,4.1,4.6,0.41,4.6,5.5,0.94,4.1,4,-0.09,3.5,2.8,-0.65
223,0,0,0,M,4A,4B,4B,4.1,4.5,0.31,4.6,4,-0.56,4.1,4,-0.09,3.5,3,-0.48
333,0,1,0,,,,,,5.5,,,5.5,,,5.5,,,5.9,
692,1,0,0,M,4B,4B,4A,4.4,4.9,0.45,4.8,5.5,0.7,4.3,5.5,1.2,3.8,2.3,-1.49
426,0,1,0,M,4A,4C,5B,4.9,4.2,-0.78,5.3,4,-1.26,4.8,7,2.15,4.5,2.7,-1.85
578,1,0,0,M,4B,3A,4B,3.5,5.8,2.29,4,5.5,1.51,3.5,5.5,2.01,2.6,5,2.36
473,1,1,0,H,,,5,5.1,4.6,-0.54,5.4,4,-1.37,5,5.5,0.46,4.7,3.3,-1.37
802,1,0,1,L,N,N,B,1.5,0.8,-0.71,2,1.5,-0.49,1.1,0,-1.05,0.7,0,-0.68
995,0,0,0,M,,,4B,3.9,1.9,-1.94,4.3,4,-0.31,3.8,2,-1.81,3.1,0.7,-2.45
354,0,0,0,M,5C,4A,4A,4.7,6.9,2.2,5,7,1.99,4.6,7,2.43,4.2,6,1.85
543,0,0,1,H,5B,5C,5C,6.5,5.8,-0.69,6.5,7,0.48,6.7,5.5,-1.2,6.4,4.5,-1.89
746,0,0,0,L,,,3B,2.2,2.3,0.06,2.8,3,0.18,2,3,0.98,1.2,0.7,-0.49
711,1,0,0,M,4A,4A,4B,4.1,4.4,0.21,4.6,5.5,0.94,4.1,3,-1.09,3.5,3.3,-0.15
14,1,0,1,L,3C,3A,3B,2.4,2.3,-0.09,2.9,2,-0.93,2.2,3,0.8,1.3,0,-1.27
561,0,0,0,L,4B,3A,3C,2.4,2.8,0.38,2.9,3,0.07,2.2,3,0.8,1.3,0.7,-0.61
273,1,0,1,L,3C,3B,3A,2.2,0.4,-1.86,2.8,1,-1.82,2,0,-2.02,1.2,0,-1.16
194,0,0,0,M,4C,4B,4B,3.7,2.5,-1.26,4.2,2,-2.16,3.7,4,0.32,2.9,0.7,-2.25
84,1,1,0,M,3A,4C,4C,2.9,3,0.02,3.5,4,0.54,2.9,4,1.13,1.9,0,-1.91
623,1,0,0,M,4B,4C,3A,2.9,3.5,0.52,3.5,2,-1.46,2.9,4,1.13,1.9,2.5,0.59
811,1,0,0,L,4B,3A,3A,2.9,4.1,1.17,3.5,4,0.54,2.9,4,1.13,1.9,2.3,0.43
697,1,0,1,M,4A,4C,4B,3.7,3.6,-0.16,4.2,4,-0.16,3.7,4,0.32,2.9,2,-0.91
637,0,0,0,H,4A,4C,5B,5.5,3.8,-1.76,5.7,3,-2.73,5.5,5.5,-0.02,5.2,2.7,-2.55
561,0,0,0,L,3A,3C,3C,2,1.8,-0.22,2.6,2,-0.61,1.8,2,0.24,1,0,-0.97
748,1,0,0,M,5C,4A,4C,3.9,3.2,-0.72,4.3,3,-1.31,3.8,3,-0.81,3.1,1,-2.11
334,0,0,0,H,5B,5B,5B,7.3,4.9,-2.42,7.2,7,-0.21,7.5,3,-4.51,7.3,3,-4.27
655,1,0,0,M,,,3B,2.9,3.1,0.12,3.5,3,-0.46,2.9,4,1.13,1.9,1.7,-0.24
534,0,0,0,M,4C,4A,3B,3.1,3.6,0.41,3.6,4,0.36,3.1,4,0.87,2.2,2,-0.18
105,0,0,0,H,5C,5C,5B,6.5,4.7,-1.79,6.5,4,-2.52,6.7,5.5,-1.2,6.4,2.3,-4.05
231,0,0,0,H,,,5,6.4,5,-1.46,6.5,7,0.5,6.5,5.5,-1.01,6.3,2.7,-3.59
360,0,1,0,,,,,,3.6,,,4,,,5.5,,,0,
295,1,0,0,H,5C,3A,5A,5.1,5.7,0.61,5.4,5.5,0.13,5,8.5,3.46,4.7,3.7,-1.03
824,1,0,0,L,3B,3B,3B,2.2,2.2,-0.04,2.8,2,-0.82,2,3,0.98,1.2,0,-1.16
322,1,0,1,L,4A,4C,3B,2.8,0,-2.81,3.4,0,-3.37,2.8,0,-2.76,1.8,0,-1.76
230,1,1,0,M,,,4,3.9,4.9,1.03,4.3,4,-0.31,3.8,4,0.19,3.1,5,1.89
618,1,0,0,M,,,3B,2.9,3.1,0.12,3.5,3,-0.46,2.9,3,0.13,1.9,1.7,-0.24
404,0,0,0,M,,,3B,2.9,4.8,1.87,3.5,5.5,2.04,2.9,5.5,2.63,1.9,2.7,0.76
4,0,0,0,M,5B,5C,4B,5.1,4.5,-0.64,5.4,7,1.63,5,4,-1.04,4.7,2,-2.7
287,0,0,0,M,4C,4C,4B,3.5,3.2,-0.31,4,5.5,1.51,3.5,3,-0.49,2.6,0,-2.64
259,1,0,0,M,4A,4A,4B,4.1,3,-1.19,4.6,4,-0.56,4.1,4,-0.09,3.5,0.5,-2.98
595,0,0,1,L,4C,3B,3A,2.5,3,0.48,3.1,2,-1.11,2.4,4,1.6,1.4,1,-0.45
812,0,0,0,L,3C,3B,3A,2.4,1.9,-0.47,2.9,2,-0.93,2.2,2,-0.2,1.3,0,-1.27
113,1,0,1,L,B,B,B,1.5,0.9,-0.63,2,1,-0.99,1.1,0,-1.05,0.7,0,-0.68
561,0,0,0,,,,,,3.2,,,2,,,3,,,3.5,
183,0,0,0,L,4B,4C,3B,2.8,3.4,0.56,3.4,4,0.63,2.8,2,-0.76,1.8,2,0.24
811,0,0,0,M,5C,4C,4A,4.4,4,-0.4,4.8,5.5,0.7,4.3,4,-0.3,3.8,2,-1.83
660,0,0,0,M,,,4B,3.9,4.6,0.73,4.3,4,-0.31,3.8,5.5,1.69,3.1,4,0.89
642,0,0,0,M,,,4B,3.9,2.9,-1.02,4.3,3,-1.31,3.8,3,-0.81,3.1,2,-1.11
145,1,0,0,M,5C,3B,5C,4.9,2.4,-2.53,5.3,3,-2.26,4.8,3,-1.85,4.5,1,-3.51
594,0,0,1,M,4C,3C,4B,3.1,4.2,1.06,3.6,4,0.36,3.1,5.5,2.37,2.2,2.7,0.49
711,1,1,1,L,N,N,2,1.6,1.4,-0.14,2.1,1.5,-0.61,1.1,2,0.88,0.7,0,-0.66
937,0,0,0,M,5C,4A,4B,4.7,5,0.3,5,4,-1.01,4.6,7,2.43,4.2,3.7,-0.49
1030,0,0,0,H,5C,4C,5B,5.5,4.5,-1.01,5.7,4,-1.73,5.5,7,1.48,5.2,2.7,-2.55
750,0,0,1,L,N,3C,3C,1.9,1.8,-0.08,2.5,1.5,-1,1.6,2,0.43,0.9,0.3,-0.52
136,0,1,0,L,5C,4A,N,2.7,3.7,0.99,3.2,4,0.77,2.6,3,0.42,1.6,1.5,-0.09
142,0,0,0,M,5C,4A,4C,4.1,3.2,-0.99,4.6,4,-0.56,4.1,3,-1.09,3.5,1.7,-1.81
622,1,0,0,H,5B,5B,5B,6.4,5.8,-0.61,6.5,7,0.5,6.5,5.5,-1.01,6.3,5,-1.26
382,0,0,0,M,5B,5C,4B,4.9,5.2,0.22,5.3,8.5,3.24,4.8,3,-1.85,4.5,3,-1.51
490,0,0,0,M,,,4B,3.9,4,0.13,4.3,4,-0.31,3.8,5.5,1.69,3.1,2,-1.11
831,0,0,0,H,5C,5C,5C,5.8,5.7,-0.16,6,5.5,-0.47,5.9,4,-1.87,5.6,5.5,-0.08
272,0,0,0,M,4B,4C,4C,3.5,2.3,-1.21,4,2,-1.99,3.5,3,-0.49,2.6,0.7,-1.97
1,0,0,0,M,5B,4B,4A,5.1,4.9,-0.19,5.4,5.5,0.13,5,4,-1.04,4.7,4.5,-0.2
413,0,0,0,H,,,4,5.1,4.6,-0.54,5.4,4,-1.37,5,5.5,0.46,4.7,2.3,-2.37
671,0,0,0,M,4A,4B,4B,3.9,4.6,0.68,4.3,7,2.69,3.8,4,0.19,3.1,2.3,-0.78
637,0,0,0,L,,,2,1.5,1,-0.56,2,1.5,-0.49,1.1,0,-1.05,0.7,0,-0.68
947,0,0,0,M,4A,4A,4B,4.4,3.7,-0.7,4.8,4,-0.8,4.3,4,-0.3,3.8,2,-1.83
96,0,0,0,M,4A,4A,4B,4.1,4.1,-0.09,4.6,5.5,0.94,4.1,3,-1.09,3.5,2.3,-1.15
820,1,0,1,,,,,,3.7,,,3,,,7,,,1,
23,0,0,0,M,4B,4C,4A,4.1,4.5,0.36,4.6,4,-0.56,4.1,5.5,1.41,3.5,3.7,0.19
255,1,0,0,L,N,3C,N,1.6,0.8,-0.77,2.1,1.5,-0.61,1.1,0,-1.12,0.7,0,-0.66
846,0,0,0,H,4A,4C,5C,5.1,3.5,-1.64,5.4,4,-1.37,5,4,-1.04,4.7,2,-2.7
396,0,0,0,M,4A,4B,4A,4.4,3.5,-0.95,4.8,3,-1.8,4.3,4,-0.3,3.8,1.3,-2.49
695,1,0,0,M,3A,4C,4C,2.9,1.7,-1.26,3.5,2,-1.46,2.9,3,0.13,1.9,0,-1.91
411,1,0,0,H,5B,4A,5C,6.1,5,-1.19,6.2,5.5,-0.73,6.3,5.5,-0.78,6,3.2,-2.82
538,0,0,0,M,4A,4B,3B,2.9,3.5,0.57,3.5,4,0.54,2.9,3,0.13,1.9,1,-0.91
173,0,0,0,H,5C,3A,5C,5.1,4.9,-0.19,5.4,4,-1.37,5,7,1.96,4.7,4.5,-0.2
903,0,1,1,M,4A,3A,4A,4.1,2.5,-1.69,4.6,2,-2.56,4.1,4,-0.09,3.5,0,-3.48
634,0,0,0,,,,,,5.7,,,5.5,,,7,,,4.5,
99,1,0,0,M,,,4B,3.9,5.4,1.53,4.3,7,2.69,3.8,4,0.19,3.1,4.7,1.55
378,0,0,0,M,5C,4B,3A,3.5,2.9,-0.66,4,3,-0.99,3.5,3,-0.49,2.6,1.5,-1.14
625,1,0,1,L,B,B,B,1.5,1,-0.53,2,1,-0.99,1.1,0,-1.05,0.7,0,-0.68
995,0,0,0,M,5C,3A,5C,4.7,5.6,0.95,5,3,-2.01,4.6,7,2.43,4.2,5,0.85
196,1,1,0,M,5C,4C,5C,4.9,4,-0.98,5.3,3,-2.26,4.8,4,-0.85,4.5,3,-1.51
128,0,0,0,M,4B,3A,3A,2.9,4.9,1.97,3.5,5.5,2.04,2.9,4,1.13,1.9,4.5,2.59
789,1,0,1,L,4C,3B,3B,2.4,1.2,-1.22,2.9,1.5,-1.43,2.2,2,-0.2,1.3,0,-1.27
530,0,0,1,H,,,5,6.4,3.9,-2.51,6.5,3,-3.5,6.5,5.5,-1.01,6.3,2.3,-3.93
369,1,0,0,M,4A,4C,5C,4.9,4.9,-0.08,5.3,5.5,0.24,4.8,7,2.15,4.5,1.3,-3.18
546,1,0,1,M,,,4,3.9,2.9,-0.97,4.3,4,-0.31,3.8,3,-0.81,3.1,0.5,-2.61
122,1,0,0,M,5B,4B,4A,5.1,4.3,-0.84,5.4,4,-1.37,5,4,-1.04,4.7,2.3,-2.37
498,0,0,1,L,,,3B,2.2,0.7,-1.59,2.8,1,-1.82,2,0,-2.02,1.2,0,-1.16
802,0,0,0,H,,,5C,5.1,3.6,-1.54,5.4,4,-1.37,5,4,-1.04,4.7,2,-2.7
540,1,1,0,M,4A,4B,3A,3.3,4.6,1.24,3.8,5.5,1.68,3.3,4,0.7,2.4,2.8,0.45
523,0,0,0,M,,,4,3.9,4.9,1.03,4.3,5.5,1.19,3.8,4,0.19,3.1,4,0.89
306,1,0,1,L,3B,3A,3B,2.5,2.3,-0.22,3.1,2,-1.11,2.4,3,0.6,1.4,1,-0.45
639,0,0,0,H,5C,4A,5B,5.8,4.1,-1.76,6,4,-1.97,5.9,4,-1.87,5.6,2.7,-2.92
381,0,1,0,M,,,4,3.9,2.9,-1.02,4.3,2,-2.31,3.8,4,0.19,3.1,1.7,-1.45
344,0,0,0,H,,,5,6.4,7.2,0.74,6.5,7,0.5,6.5,7,0.49,6.3,6.5,0.24
28,1,0,1,L,,,3,2.2,0.8,-1.49,2.8,1,-1.82,2,0,-2.02,1.2,0,-1.16
716,0,0,0,H,5B,4A,5C,6.1,4,-2.14,6.2,5.5,-0.73,6.3,4,-2.28,6,2,-3.98
240,0,0,0,L,4B,3B,3B,2.7,2.6,-0.06,3.2,3,-0.23,2.6,3,0.42,1.6,1,-0.59
151,0,1,0,L,4C,4B,3B,2.8,3,0.19,3.4,3,-0.37,2.8,3,0.24,1.8,1,-0.76
421,0,0,0,M,4B,4C,4B,3.7,4.8,1.04,4.2,4,-0.16,3.7,5.5,1.82,2.9,4.5,1.59
935,1,0,0,L,4C,3A,3B,2.7,2.7,-0.01,3.2,3,-0.23,2.6,3,0.42,1.6,1.5,-0.09
294,0,0,1,M,5C,3A,4B,3.9,3.3,-0.62,4.3,2,-2.31,3.8,4,0.19,3.1,2.7,-0.45
580,1,0,0,M,5C,4B,4B,4.4,5.1,0.65,4.8,4,-0.8,4.3,4,-0.3,3.8,4.5,0.67
688,0,0,0,H,,,5,5.1,5.4,0.26,5.4,4,-1.37,5,5.5,0.46,4.7,5.5,0.8
688,0,0,0,,,,,,5.7,,,5.5,,,4,,,5.5,
285,0,0,0,L,5C,4A,N,2.5,3.1,0.58,3.1,3,-0.11,2.4,3,0.6,1.4,1.7,0.22
576,1,0,0,M,,,4,3.9,4,0.08,4.3,4,-0.31,3.8,4,0.19,3.1,3.3,0.22
835,0,0,0,M,,,4,3.9,1.7,-2.17,4.3,3,-1.31,3.8,2,-1.81,3.1,0.7,-2.45
417,0,0,1,M,,,4,3.9,1.5,-2.39,4.3,1.5,-2.81,3.8,3,-0.81,3.1,0,-3.11
914,0,0,0,H,,,5,6.4,3.6,-2.81,6.5,4,-2.5,6.5,4,-2.51,6.3,3,-3.26
907,1,1,0,,,,,,4,,,4,,,4,,,3,
522,0,1,0,M,4A,4B,4B,4.1,3.4,-0.79,4.6,5.5,0.94,4.1,3,-1.09,3.5,0.5,-2.98
939,0,1,0,H,,,4,5.1,5.6,0.46,5.4,5.5,0.13,5,7,1.96,4.7,3.7,-1.03
231,0,0,0,M,,,4,3.9,2.3,-1.62,4.3,2,-2.31,3.8,2,-1.81,3.1,0.7,-2.45
926,0,0,0,M,,,3B,2.9,2.4,-0.58,3.5,3,-0.46,2.9,2,-0.87,1.9,0.7,-1.24
722,0,1,0,M,4C,3B,4B,3.3,2.2,-1.11,3.8,3,-0.82,3.3,2,-1.3,2.4,0.3,-2.05
392,1,0,0,L,4B,4A,3C,2.9,3.7,0.77,3.5,4,0.54,2.9,4,1.13,1.9,0,-1.91
940,1,0,1,M,3A,4C,4C,3.1,3.2,0.06,3.6,3,-0.64,3.1,4,0.87,2.2,2.3,0.16
201,1,0,0,H,,,5,6.4,3.3,-3.16,6.5,3,-3.5,6.5,4,-2.51,6.3,1.5,-4.76
180,0,0,0,H,5C,4A,5C,5.5,4.8,-0.71,5.7,4,-1.73,5.5,4,-1.52,5.2,3.7,-1.55
752,1,1,0,M,4B,4C,5C,4.1,4.7,0.51,4.6,4,-0.56,4.1,7,2.91,3.5,3.2,-0.31
618,0,1,0,H,5C,4B,5C,5.5,5,-0.56,5.7,5.5,-0.23,5.5,5.5,-0.02,5.2,3.7,-1.55
832,1,0,0,L,,,B,1.5,1.5,-0.01,2,2,0.01,1.1,3,1.95,0.7,0,-0.68
866,0,0,1,M,3A,3B,4B,3.1,2,-1.14,3.6,3,-0.64,3.1,3,-0.13,2.2,0,-2.18
773,1,0,0,M,4B,3A,4B,3.7,3.1,-0.66,4.2,4,-0.16,3.7,3,-0.68,2.9,1.3,-1.58
625,1,0,0,L,4C,4B,3B,2.9,1.8,-1.13,3.5,3,-0.46,2.9,0,-2.87,1.9,0.3,-1.57
903,0,0,0,H,,,4,5.1,5.5,0.41,5.4,7,1.63,5,5.5,0.46,4.7,4,-0.7
112,1,0,1,L,B,B,B,1.5,0.7,-0.86,2,1,-0.99,1.1,0,-1.05,0.7,0,-0.68
673,0,0,0,H,,,5,6.4,3.6,-2.86,6.5,3,-3.5,6.5,4,-2.51,6.3,1.7,-4.59
236,0,0,0,M,5B,5C,4B,4.9,4,-0.98,5.3,4,-1.26,4.8,3,-1.85,4.5,2,-2.51
500,1,0,0,H,5C,4B,5B,5.8,5.3,-0.56,6,4,-1.97,5.9,7,1.13,5.6,3.2,-2.42
997,0,0,0,M,4B,4B,4B,3.9,4.2,0.28,4.3,5.5,1.19,3.8,4,0.19,3.1,2,-1.11
568,1,0,1,M,5C,4C,4C,3.7,2.4,-1.31,4.2,3,-1.16,3.7,3,-0.68,2.9,0,-2.91
653,1,1,0,,,,,,5.1,,,5.5,,,8.5,,,0,
83,0,0,1,M,4B,3A,4C,3.3,1.9,-1.41,3.8,2,-1.82,3.3,3,-0.3,2.4,0.7,-1.72
324,0,0,0,L,3C,3A,3B,2.2,0.8,-1.49,2.8,1.5,-1.32,2,0,-2.02,1.2,0,-1.16
356,0,0,0,M,5C,4C,4A,4.4,2.4,-2,4.8,1.5,-3.3,4.3,3,-1.3,3.8,1,-2.83
837,1,0,1,L,N,N,N,1.5,0.5,-1.03,2,1,-0.99,1.1,0,-1.05,0.7,0,-0.68
1037,0,0,0,M,4B,4C,3A,3.1,3.2,0.01,3.6,3,-0.64,3.1,3,-0.13,2.2,1,-1.18
144,0,0,0,M,4B,4C,4B,3.9,3.7,-0.17,4.3,4,-0.31,3.8,4,0.19,3.1,2,-1.11
765,0,0,0,M,5C,3A,5C,4.7,5,0.35,5,5.5,0.49,4.6,5.5,0.93,4.2,3.3,-0.82
892,1,0,0,L,4C,3A,3A,2.7,2.2,-0.46,3.2,3,-0.23,2.6,2,-0.58,1.6,0,-1.59
491,1,0,0,H,,,4,5.1,3.9,-1.24,5.4,5.5,0.13,5,3,-2.04,4.7,1.7,-3.03
555,0,0,1,M,4A,4C,4C,3.5,2.2,-1.36,4,2,-1.99,3.5,2,-1.49,2.6,0.7,-1.97
971,0,0,1,L,3C,3A,3A,2.7,2.6,-0.11,3.2,3,-0.23,2.6,3,0.42,1.6,0,-1.59
96,1,0,0,M,5C,4B,4B,4.4,4,-0.4,4.8,5.5,0.7,4.3,3,-1.3,3.8,2.7,-1.16
505,0,0,0,M,5C,4A,4B,4.4,3.1,-1.35,4.8,3,-1.8,4.3,4,-0.3,3.8,1,-2.83
33,0,0,1,H,5B,4A,5C,6.1,6.9,0.71,6.2,7,0.77,6.3,8.5,2.22,6,6,0.02
1014,0,0,0,M,5C,4A,4B,4.7,3.8,-0.85,5,3,-2.01,4.6,3,-1.57,4.2,3.7,-0.49
699,0,0,0,H,,,5,5.1,3.4,-1.69,5.4,4,-1.37,5,4,-1.04,4.7,0.5,-4.2
909,1,0,0,L,,,3,2.2,2.3,0.01,2.8,3,0.18,2,1,-1.02,1.2,1.8,0.67
1012,0,0,0,L,4C,3C,3A,2.6,4.6,1.95,3.1,5.5,2.43,2.2,4,1.77,1.9,3.3,1.45
546,1,0,0,M,4C,3A,4B,3.7,3.7,0.03,4,3,-1.03,3.5,3,-0.47,3.1,3.7,0.59
512,1,0,0,,,,,,5.2,,,5.5,,,5.5,,,4.5,
81,0,0,0,L,3C,3B,3B,2.3,5.2,2.85,2.8,7,4.19,2,4,2.05,1.6,3,1.36
429,0,0,0,M,4B,4C,5C,4.5,3.7,-0.82,4.8,0.8,-4.06,4.3,7,2.65,4.1,3.2,-0.91
400,1,0,0,M,4B,4C,4C,3.3,2.3,-1.07,3.7,2,-1.7,3.1,3,-0.1,2.7,1.2,-1.49
610,0,0,0,M,4B,4C,4B,4,3.1,-0.95,4.4,3,-1.37,3.9,4,0.12,3.5,2.3,-1.19
19,0,0,0,,,,,,2.2,,,2,,,3,,,0.7,
1008,0,1,0,M,5C,5C,4A,5,5.5,0.43,5.3,7,1.73,4.9,4,-0.89,4.7,3.3,-1.34
1003,0,0,1,M,4A,4C,4A,4.5,3.7,-0.82,4.8,5.5,0.69,4.3,3,-1.35,4.1,3.3,-0.74
17,0,0,0,M,4A,4B,5C,5,4.4,-0.62,5.3,5.5,0.23,4.9,4,-0.89,4.7,3.3,-1.34
779,0,0,1,M,4A,4B,4A,4.5,3.9,-0.67,4.8,5.5,0.69,4.3,3,-1.35,4.1,2.2,-1.91
449,0,1,0,L,3B,3C,3C,2.1,2.9,0.71,2.6,3,0.41,1.7,4,2.33,1.4,2.2,0.73
442,0,0,0,H,5A,5B,5B,6.8,7.2,0.3,6.8,8.5,1.65,7,7,-0.02,6.8,7,0.21
329,1,0,0,M,4B,5C,4C,4,2.9,-1.17,4.4,7,2.63,3.9,2,-1.88,3.5,1,-2.52
580,0,0,0,H,5C,5B,5C,5.9,5.8,-0.06,6,7,1.02,5.9,5.5,-0.4,5.7,5.5,-0.16
308,0,0,0,M,4A,4B,4A,4.5,4.5,-0.07,4.8,5.5,0.69,4.3,4,-0.35,4.1,4,-0.07
231,1,0,0,L,N,,3C,2.3,4.2,1.8,2.8,5.5,2.69,2,4,2.05,1.6,2,0.36
817,0,0,0,H,5B,5C,5C,6.2,3.8,-2.42,6.2,4,-2.22,6.3,3,-3.29,6,3.7,-2.34
435,0,0,0,L,N,3B,2,2,2.7,0.65,2.5,4,1.49,1.6,2,0.44,1.4,0.5,-0.86
444,0,1,0,M,5C,4B,4A,4.8,4.6,-0.22,5,5.5,0.45,4.6,4,-0.6,4.4,3.3,-1.04
401,0,0,0,L,3A,3C,3B,2.5,3.2,0.69,2.9,3,0.09,2.1,3,0.91,1.8,1.8,0.08
645,1,0,0,H,5C,4A,5B,5.9,3.9,-1.96,6,5.5,-0.48,5.9,4,-1.9,5.7,3,-2.66
947,1,0,0,H,5B,4A,5B,6.5,3.2,-3.31,6.5,4,-2.53,6.7,3,-3.67,6.4,2,-4.4
1034,0,0,0,H,5C,4B,5B,5.6,7.3,1.73,5.7,7,1.26,5.5,8.5,2.96,5.3,7,1.68
922,1,0,0,H,5B,5C,5C,5.6,4.5,-1.12,5.7,5.5,-0.24,5.5,4,-1.54,5.3,3,-2.32
643,0,0,1,M,4A,4C,4A,4.5,2.5,-2.02,4.8,4,-0.81,4.3,4,-0.35,4.1,1.8,-2.24
949,0,0,0,H,4B,4A,5B,5.6,3.7,-1.92,5.7,5.5,-0.24,5.5,4,-1.54,5.3,1.5,-3.82
339,1,0,1,M,4B,4B,5C,4.5,3.2,-1.37,4.8,4,-0.81,4.3,3,-1.35,4.1,0.7,-3.41
133,0,0,0,M,4C,3A,4A,3.9,3.8,-0.06,4.2,4,-0.19,3.7,4,0.32,3.3,2.3,-0.98
553,0,0,0,H,5C,4A,5B,5.9,4.8,-1.06,6,5.5,-0.48,5.9,4,-1.9,5.7,4.2,-1.49
638,1,0,0,M,4A,5C,4B,4.8,4.5,-0.32,5,4,-1.05,4.6,4,-0.6,4.4,5.2,0.79
956,0,0,1,M,3A,4C,4B,3.5,3,-0.49,3.9,3,-0.86,3.3,3,-0.28,2.9,1.7,-1.2
688,0,0,0,M,4C,4B,3A,3.2,3.7,0.53,3.6,4,0.43,2.9,4,1.08,2.5,1.5,-1
370,1,0,0,M,4A,4B,4A,4.8,0,-4.77,5,0,-5.05,4.6,0,-4.6,4.4,0,-4.37
782,1,0,1,M,4C,4C,4C,3.3,1,-2.32,3.7,2,-1.7,3.1,0,-3.1,2.7,1,-1.66
942,0,0,0,M,4C,4C,4C,3.3,3.1,-0.27,3.7,4,0.3,3.1,3,-0.1,2.7,1.8,-0.83
59,1,0,1,L,3A,N,3A,2.5,0.8,-1.66,2.9,2,-0.91,2.1,0,-2.09,1.8,0.3,-1.42
834,0,0,0,M,4A,4C,3B,3.2,2.7,-0.52,3.6,3,-0.57,2.9,3,0.08,2.5,1.2,-1.34
263,1,0,1,M,4C,3C,4A,3.3,2.7,-0.62,3.7,3,-0.7,3.1,4,0.9,2.7,1.3,-1.33
369,0,0,0,M,4A,4B,4C,4,3.8,-0.25,4.4,5.5,1.13,3.9,3,-0.88,3.5,2,-1.52
886,1,0,1,M,3A,3B,4B,3.5,5.2,1.66,3.9,7,3.14,3.3,5.5,2.22,2.9,3.3,0.47
999,0,0,0,M,4A,4C,4A,4.3,4.3,-0.04,4.6,5.5,0.91,4.1,4,-0.11,3.8,3.7,-0.14
816,0,0,0,M,3A,3A,4A,3.9,4.2,0.34,4.2,3,-1.19,3.7,7,3.32,3.3,4,0.69
486,0,0,0,H,5C,4B,5B,5.9,3.5,-2.41,6,3,-2.98,5.9,4,-1.9,5.7,2.5,-3.16
517,0,0,0,H,5B,4B,5B,6.2,3.4,-2.77,6.2,4,-2.22,6.3,5.5,-0.79,6,2.7,-3.34
718,1,1,0,,,,,,6.1,,,7,,,5.5,,,6.5,
207,0,0,0,M,5C,4B,5C,5.3,4.3,-1.02,5.5,5.5,0.03,5.2,4,-1.2,5,2.8,-2.12
432,1,0,1,M,4C,4B,4C,3.5,0.5,-2.99,3.9,2,-1.86,3.3,0,-3.28,2.9,0,-2.86
251,1,0,0,M,4B,4B,4A,4.5,5.5,0.98,4.8,4,-0.81,4.3,5.5,1.15,4.1,4.5,0.43
598,0,0,0,M,4B,3A,4B,3.9,3.8,-0.11,4.2,5.5,1.31,3.7,4,0.32,3.3,1.7,-1.64
145,0,0,1,L,4C,3B,4C,3.2,1.8,-1.37,3.6,3,-0.57,2.9,0,-2.92,2.5,0.7,-1.84
704,0,0,0,M,4B,4C,4B,4,4.4,0.35,4.4,5.5,1.13,3.9,3,-0.88,3.5,4,0.48
964,0,0,0,H,4A,4A,5B,5.6,4.7,-0.87,5.7,5.5,-0.24,5.5,4,-1.54,5.3,3.3,-1.99
424,0,0,0,L,3A,3A,4C,3.2,2.7,-0.47,3.6,3,-0.57,2.9,4,1.08,2.5,2,-0.5
683,1,0,1,L,B,B,4C,2.3,1.2,-1.05,2.7,3,0.25,1.8,0,-1.83,1.6,0.3,-1.24
125,1,0,1,M,4B,4C,4B,3.7,2.9,-0.82,4,4,-0.03,3.5,3,-0.47,3.1,1.5,-1.58
881,1,0,1,M,4A,4B,5C,5.3,4.5,-0.77,5.5,4,-1.47,5.2,5.5,0.3,5,4.5,-0.46
6,0,0,0,M,5C,3A,4C,4,4.7,0.6,4.4,5.5,1.13,3.9,4,0.12,3.5,4.5,0.98
63,0,1,0,L,4C,3C,N,2,1.6,-0.5,2.5,2,-0.51,1.6,0,-1.56,1.4,1.2,-0.19
681,0,0,0,M,4A,3C,4B,3.5,4.1,0.56,3.9,7,3.14,3.3,3,-0.28,2.9,1.8,-1.03
772,0,0,0,H,5C,4A,5B,6.2,6,-0.22,6.2,7,0.78,6.3,5.5,-0.79,6,5.5,-0.51
871,0,0,1,L,B,B,B,1.7,1.6,-0.06,2.1,3,0.92,1.1,0,-1.1,1.1,0.7,-0.39
805,0,0,0,M,4C,4B,4B,3.9,4,0.14,4.2,4,-0.19,3.7,3,-0.68,3.3,4,0.69
306,0,0,0,M,4A,4C,5C,5,4.5,-0.57,5.3,4,-1.27,4.9,5.5,0.61,4.7,4,-0.68
457,0,0,0,M,4C,4C,4B,3.9,4.2,0.29,4.2,4,-0.19,3.7,4,0.32,3.3,4,0.69
407,0,0,1,L,3C,4C,3A,2.7,3.8,1.02,3.2,4,0.81,2.4,3,0.63,2,2.3,0.33
567,0,0,0,M,4A,4B,4B,4,3.8,-0.25,4.4,4,-0.37,3.9,4,0.12,3.5,2.8,-0.69
575,1,0,0,M,4A,3A,4A,4.5,2,-2.57,4.8,1.5,-3.31,4.3,3,-1.35,4.1,1.3,-2.74
527,1,0,0,H,5C,5C,5C,5.6,7,1.43,5.7,8.5,2.76,5.5,7,1.46,5.3,6.5,1.18
401,0,0,1,H,5B,4C,5C,5.3,3.8,-1.52,5.5,4,-1.47,5.2,4,-1.2,5,2.7,-2.29
859,1,0,0,H,5C,4B,5A,6.2,4.2,-1.97,6.2,5.5,-0.72,6.3,4,-2.29,6,2.7,-3.34
747,1,0,0,,,,,,5.7,,,5.5,,,5.5,,,4.5,
855,0,0,0,M,4C,4B,4C,3.7,3.1,-0.57,4,4,-0.03,3.5,3,-0.47,3.1,2.7,-0.41
3,1,0,0,M,4A,3A,4A,4.3,2.7,-1.64,4.6,2,-2.59,4.1,3,-1.11,3.8,1.7,-2.14
924,1,0,0,M,4B,3A,4B,3.9,2.5,-1.41,4.2,3,-1.19,3.7,3,-0.68,3.3,1.2,-2.14
195,0,0,0,,,,,,5.8,,,5.5,,,5.5,,,6,
918,0,0,0,M,5C,4C,4A,4.5,5.1,0.58,4.8,5.5,0.69,4.3,5.5,1.15,4.1,4.2,0.09
26,0,0,1,L,4C,3A,3C,2.6,2.6,-0.02,3.1,5.5,2.43,2.2,2,-0.23,1.9,1.5,-0.39
749,1,1,0,M,4B,4C,3A,3.5,3.3,-0.24,3.9,4,0.14,3.3,3,-0.28,2.9,2,-0.86
193,0,0,0,H,4A,4A,5A,6.2,3.7,-2.47,6.2,5.5,-0.72,6.3,4,-2.29,6,2,-4.01
280,0,0,0,L,3A,4B,3B,3,3.1,0.01,3.5,3,-0.46,2.7,3,0.25,2.3,1.7,-0.68
397,0,0,0,M,5C,4C,4A,5,5.8,0.78,5.3,7,1.73,4.9,4,-0.89,4.7,5,0.32
550,0,0,0,H,5C,4A,5A,6.2,5.4,-0.82,6.2,4,-2.22,6.3,7,0.71,6,5,-1.01
507,0,0,0,M,5B,4B,4C,4.5,4.1,-0.42,4.8,4,-0.81,4.3,4,-0.35,4.1,2.8,-1.24
705,1,0,1,M,5C,4C,4A,4.8,2.8,-2.02,5,3,-2.05,4.6,3,-1.6,4.4,2.5,-1.87
954,0,0,1,M,4B,3A,5C,4.3,5.7,1.36,4.6,4,-0.59,4.1,8.5,4.39,3.8,6.5,2.69
342,0,1,0,M,4C,4C,4B,3.7,5.5,1.83,4,5.5,1.47,3.5,7,3.53,3.1,4.5,1.42
372,1,0,0,H,5C,4A,5C,5.6,6.3,0.68,5.7,5.5,-0.24,5.5,5.5,-0.04,5.3,7,1.68
618,0,1,0,M,4B,4B,5C,5,7.5,2.43,5.3,5.5,0.23,4.9,8.5,3.61,4.7,8.5,3.82
357,0,0,0,L,3B,3C,3C,2.1,1.5,-0.69,2.6,3,0.41,1.7,0,-1.67,1.4,0.3,-1.11
832,1,0,0,L,N,3A,4C,2.9,2.4,-0.51,3.3,3,-0.3,2.6,3,0.44,2.2,0.5,-1.66
857,0,0,0,M,5C,4C,5C,5,5.4,0.33,5.3,5.5,0.23,4.9,5.5,0.61,4.7,6,1.32
712,0,0,0,M,4C,4B,3A,3.3,5.7,2.33,3.7,5.5,1.8,3.1,4,0.9,2.7,7,4.34
219,0,0,0,M,4B,4C,5B,5,3.9,-1.17,5.3,5.5,0.23,4.9,4,-0.89,4.7,1.8,-2.84
424,1,0,1,L,N,3B,N,1.7,0.6,-1.04,2.1,1.5,-0.58,1.1,0,-1.1,1.1,0,-1.06
644,0,0,1,L,3A,3B,4C,3.2,2.3,-0.87,3.6,3,-0.57,2.9,3,0.08,2.5,1,-1.5
795,0,1,0,,,,,,6.4,,,5.5,,,8.5,,,5.5,
520,0,0,0,M,4B,4B,4B,4,2.6,-1.45,4.4,4,-0.37,3.9,3,-0.88,3.5,1.5,-2.02
535,1,0,0,M,5B,4C,4B,4.5,4.6,0.03,4.8,5.5,0.69,4.3,4,-0.35,4.1,3.3,-0.74
492,1,0,0,M,4C,3B,4C,3.2,3.9,0.73,3.6,5.5,1.93,2.9,3,0.08,2.5,2.3,-0.17
300,1,0,0,M,5B,4B,4C,4.3,4.6,0.26,4.6,7,2.41,4.1,4,-0.11,3.8,3.3,-0.48
828,1,0,1,M,4A,3B,4B,3.7,2.5,-1.17,4,2,-2.03,3.5,3,-0.47,3.1,2.2,-0.91
100,0,0,0,M,4B,4B,4B,4.3,3.5,-0.84,4.6,5.5,0.91,4.1,3,-1.11,3.8,1.7,-2.14
315,0,0,0,M,5C,5C,4A,5.3,6.4,1.13,5.5,5.5,0.03,5.2,5.5,0.3,5,7,2.04
44,0,0,0,M,4B,4B,4C,3.7,4,0.28,4,4,-0.03,3.5,4,0.53,3.1,2.3,-0.75
351,0,0,0,M,4A,4C,4B,4,2.7,-1.35,4.4,4,-0.37,3.9,3,-0.88,3.5,2,-1.52
469,0,1,0,M,4A,4C,4A,4.5,6.7,2.18,4.8,7,2.19,4.3,7,2.65,4.1,7,2.93
791,0,0,0,H,5B,5B,5A,7.6,7.2,-0.44,7.5,7,-0.54,7.8,8.5,0.75,7.6,7.5,-0.09
1036,0,0,0,M,5C,4B,4B,4.3,1.7,-2.59,4.6,3,-1.59,4.1,3,-1.11,3.8,0.3,-3.48
250,0,0,0,M,4A,4A,4B,4.3,2.2,-2.14,4.6,3,-1.59,4.1,2,-2.11,3.8,1.2,-2.64
266,0,0,1,L,N,3A,4C,3,1,-2.09,3.5,2,-1.46,2.7,0,-2.75,2.3,0.5,-1.85
990,1,0,1,L,,,2,1.7,0.4,-1.29,2.1,1,-1.08,1.1,0,-1.1,1.1,0,-1.06
12,1,0,0,M,4A,4B,4A,4.8,2.4,-2.37,5,3,-2.05,4.6,3,-1.6,4.4,1.3,-3.04
22,0,0,0,M,5C,4C,4A,4.8,5.5,0.73,5,5.5,0.45,4.6,5.5,0.9,4.4,5.5,1.13
174,0,0,0,M,4A,4A,5C,5,2.5,-2.52,5.3,3,-2.27,4.9,3,-1.89,4.7,1.7,-3.01
723,0,0,1,M,4A,3A,4A,4.5,3.6,-0.92,4.8,4,-0.81,4.3,3,-1.35,4.1,2.3,-1.74
387,0,0,0,H,5B,5C,5B,6.5,6.3,-0.26,6.5,5.5,-1.03,6.7,7,0.33,6.4,6,-0.4
111,1,0,0,M,4A,4C,4B,4,3.6,-0.45,4.4,4,-0.37,3.9,3,-0.88,3.5,2.7,-0.85
165,1,0,0,M,4C,3B,4A,3.9,2.8,-1.04,4.2,3,-1.19,3.7,5.5,1.82,3.3,1.5,-1.81
585,0,1,0,M,4C,4B,4C,3.5,5.7,2.16,3.9,5.5,1.64,3.3,5.5,2.22,2.9,5,2.14
79,1,0,1,M,4A,4C,4C,3.9,0,-3.86,4.2,0,-4.19,3.7,0,-3.68,3.3,0,-3.31
451,0,0,0,M,4A,4C,3A,3.5,3.3,-0.24,3.9,4,0.14,3.3,3,-0.28,2.9,1.7,-1.2
774,1,0,0,L,5C,3B,3C,3,0.4,-2.64,3.5,1.5,-1.96,2.7,0,-2.75,2.3,0,-2.35
88,0,0,0,L,3C,3B,N,2,2,0.03,2.4,3,0.59,1.5,1,-0.47,1.3,1.2,-0.16
11,0,0,1,M,4C,3B,4A,3.7,2.9,-0.77,4,4,-0.03,3.5,4,0.53,3.1,1.3,-1.75
390,0,0,0,M,5C,4B,4C,4,3,-1.1,4.4,7,2.63,3.9,0,-3.88,3.5,1.5,-2.02
270,0,1,0,,,,,,2.6,,,3,,,3,,,0.7,
945,0,1,0,L,4C,4C,3A,3.2,2.8,-0.37,3.6,3,-0.57,2.9,2,-0.92,2.5,2.7,0.16
194,1,0,0,M,4C,4C,4C,3.5,3.6,0.06,3.9,4,0.14,3.3,3,-0.28,2.9,2.7,-0.2
170,0,0,1,L,3B,3C,4C,2.9,1.5,-1.36,3.3,3,-0.3,2.6,2,-0.56,2.2,1,-1.16
377,0,0,0,M,4B,4B,4A,4.3,3.1,-1.19,4.6,5.5,0.91,4.1,3,-1.11,3.8,1,-2.81
463,0,0,1,H,5B,5C,5C,5.6,3.7,-1.87,5.7,5.5,-0.24,5.5,4,-1.54,5.3,1.5,-3.82
576,0,0,1,M,5C,4C,4C,3.9,5,1.14,4.2,5.5,1.31,3.7,3,-0.68,3.3,5,1.69
765,1,0,1,M,4C,4B,4B,3.7,2.7,-0.97,4,4,-0.03,3.5,2,-1.47,3.1,1.7,-1.41
95,1,0,0,M,4C,3A,4B,3.7,2.7,-1.02,4,3,-1.03,3.5,2,-1.47,3.1,1.3,-1.75
448,0,0,0,M,4A,4C,5C,4.8,3.4,-1.37,5,4,-1.05,4.6,4,-0.6,4.4,2.3,-2.04
949,0,0,0,M,4A,4B,4A,4.5,7.3,2.78,4.8,5.5,0.69,4.3,8.5,4.15,4.1,8,3.93
403,0,1,0,L,N,3C,3C,1.9,2.4,0.45,2.4,2,-0.36,1.4,2,0.64,1.2,3,1.79
825,0,1,0,H,5C,5C,5C,5.9,7.2,1.29,6,7,1.02,5.9,7,1.1,5.7,8,2.34
264,0,0,1,L,4C,4C,3B,2.9,4.6,1.69,3.3,7,3.7,2.6,4,1.44,2.2,2.3,0.17
946,0,0,0,M,4A,4C,4A,4.5,2.1,-2.47,4.8,1.5,-3.31,4.3,3,-1.35,4.1,1.7,-2.41
930,0,1,0,,,,,,5.1,,,4,,,5.5,,,5.5,
505,0,0,1,H,5C,4B,5B,6.2,6.3,0.08,6.2,5.5,-0.72,6.3,8.5,2.21,6,6,-0.01
278,1,0,1,,,,,,3,,,4,,,3,,,1.5,
175,0,0,0,M,5C,5C,4B,5,5.3,0.28,5.3,7,1.73,4.9,3,-1.89,4.7,4,-0.68
956,0,0,1,M,4A,4B,4A,4.5,4.3,-0.27,4.8,4,-0.81,4.3,4,-0.35,4.1,3.3,-0.74
273,0,0,0,H,5C,4B,5C,5.3,4.8,-0.52,5.5,4,-1.47,5.2,4,-1.2,5,5.5,0.54
289,1,0,1,M,4A,4C,4A,4.5,0,-4.52,4.8,0,-4.81,4.3,0,-4.35,4.1,0,-4.07
107,0,0,0,H,5A,5C,5B,6.5,7.9,1.39,6.5,7,0.47,6.7,8.5,1.83,6.4,7.5,1.1
218,0,0,1,H,5B,4B,5C,5.6,4.1,-1.52,5.7,4,-1.74,5.5,5.5,-0.04,5.3,3,-2.32
714,0,0,0,L,3B,4C,3B,2.7,4,1.22,3.2,5.5,2.31,2.4,3,0.63,2,3,0.99
437,0,1,0,M,4C,4B,4C,3.7,3.4,-0.32,4,4,-0.03,3.5,3,-0.47,3.1,1.3,-1.75
126,1,0,1,M,4B,4C,4A,4.3,3.4,-0.94,4.6,4,-0.59,4.1,4,-0.11,3.8,1.7,-2.14
894,0,0,0,M,4A,4C,4B,4,4.7,0.6,4.4,5.5,1.13,3.9,4,0.12,3.5,3.7,0.15
228,0,0,0,M,5C,4C,5C,4.8,3.3,-1.44,5,5.5,0.45,4.6,4,-0.6,4.4,2.5,-1.87
84,0,0,0,H,5B,4C,5B,5.9,5.1,-0.81,6,7,1.02,5.9,5.5,-0.4,5.7,4,-1.66
484,0,0,0,M,5C,4B,4C,3.9,4.9,0.99,4.2,7,2.81,3.7,4,0.32,3.3,3.3,0.02
286,0,0,0,M,5B,4B,4A,5.3,5.2,-0.07,5.5,7,1.53,5.2,4,-1.2,5,4,-0.96
49,1,0,1,,,,,,1.3,,,1.5,,,2,,,1,
161,0,0,0,M,4A,4B,5C,5,4,-1.07,5.3,5.5,0.23,4.9,4,-0.89,4.7,2.7,-2.01
166,1,0,1,M,3A,3B,4B,3.3,1,-2.37,3.7,1.5,-2.2,3.1,1.5,-1.6,2.7,0.3,-2.33
595,1,0,1,,,,,,3,,,4,,,3,,,1.5,
1015,1,0,0,M,4A,4B,4A,4.8,3.2,-1.62,5,4,-1.05,4.6,3,-1.6,4.4,2.2,-2.21
967,0,1,0,M,4C,3A,4C,3.3,3,-0.37,3.7,3,-0.7,3.1,3,-0.1,2.7,2.5,-0.16
143,1,0,0,L,4C,3A,3C,2.5,0.6,-1.86,2.9,0.8,-2.16,2.1,1,-1.09,1.8,0.8,-0.92
321,0,0,0,H,5C,4B,5C,5.6,3.6,-1.97,5.7,4,-1.74,5.5,4,-1.54,5.3,3.3,-1.99
369,0,0,1,M,5C,4C,4A,4.5,4.4,-0.17,4.8,5.5,0.69,4.3,4,-0.35,4.1,2.7,-1.41
73,1,0,1,L,4C,3A,3A,3,2.9,-0.19,3.5,3,-0.46,2.7,2,-0.75,2.3,1.5,-0.85
975,1,1,0,M,4A,4B,4C,3.9,4.8,0.94,4.2,5.5,1.31,3.7,4,0.32,3.3,4.2,0.86
1016,0,0,0,M,4A,4A,4A,4.5,3.1,-1.42,4.8,4,-0.81,4.3,3,-1.35,4.1,1.8,-2.24
315,0,0,0,,,,,,4.9,,,7,,,4,,,3,
730,1,1,1,H,5C,5C,5B,6.2,5.1,-1.07,6.2,4,-2.22,6.3,5.5,-0.79,6,4.2,-1.84
1029,1,0,0,M,4C,4A,4C,3.9,4.3,0.44,4.2,5.5,1.31,3.7,4,0.32,3.3,3.7,0.36
423,1,0,0,H,5C,5C,5A,6.8,4.1,-2.8,6.8,5.5,-1.35,7,4,-3.02,6.8,2.7,-4.12
41,0,0,0,L,3A,3A,3A,2.9,2.8,-0.11,3.3,3,-0.3,2.6,3,0.44,2.2,1.5,-0.66
514,1,0,0,M,4A,4A,4A,4.8,5,0.23,5,7,1.95,4.6,4,-0.6,4.4,3.8,-0.54
876,0,0,1,L,4C,3C,2,2.1,1.5,-0.64,2.6,3,0.41,1.7,1,-0.67,1.4,1,-0.44
402,0,0,1,M,4C,4C,4A,4.3,3.4,-0.94,4.6,4,-0.59,4.1,4,-0.11,3.8,2.2,-1.64
349,0,0,1,L,3B,3A,3A,2.9,2.4,-0.51,3.3,4,0.7,2.6,2,-0.56,2.2,1.2,-1
519,1,0,0,L,4C,3A,3B,3,3.4,0.36,3.5,3,-0.46,2.7,3,0.25,2.3,2.3,-0.02
533,0,0,0,M,5C,3B,4B,4,5.4,1.3,4.4,4,-0.37,3.9,5.5,1.62,3.5,4.5,0.98
50,1,0,0,M,4A,3A,4B,3.9,1.2,-2.66,4.2,0.8,-3.44,3.7,2,-1.68,3.3,0.7,-2.64
758,1,0,1,L,3B,4C,3B,2.9,0.8,-2.04,3.3,1,-2.3,2.6,0,-2.56,2.2,0.5,-1.66
134,0,0,0,M,4B,4C,5B,5,2.5,-2.52,5.3,2,-3.27,4.9,4,-0.89,4.7,1.7,-3.01
432,0,0,0,H,5B,5B,5B,6.5,5.4,-1.16,6.5,5.5,-1.03,6.7,5.5,-1.17,6.4,4.5,-1.9
322,0,0,1,M,5C,3A,4B,4.3,1.2,-3.09,4.6,2,-2.59,4.1,2,-2.11,3.8,0.5,-3.31
517,0,0,0,L,4C,4C,3B,2.9,1.5,-1.36,3.3,2,-1.3,2.6,0,-2.56,2.2,1.3,-0.83
83,0,0,0,M,5C,4B,3A,3.5,3.6,0.11,3.9,5.5,1.64,3.3,3,-0.28,2.9,1.8,-1.03
264,1,1,0,H,5C,4B,5B,5.6,5.5,-0.07,5.7,4,-1.74,5.5,5.5,-0.04,5.3,5.5,0.18
434,0,1,0,M,4A,3A,4C,3.5,3.7,0.21,3.9,5.5,1.64,3.3,3,-0.28,2.9,3.3,0.47
1002,1,0,0,L,4C,3B,3C,2.5,1.5,-1.01,2.9,1.5,-1.41,2.1,0,-2.09,1.8,1.3,-0.42
67,0,0,0,M,4B,3A,4C,3.5,3,-0.54,3.9,4,0.14,3.3,2,-1.28,2.9,1.8,-1.03
617,0,0,1,L,3C,3B,3A,2.6,2.5,-0.1,3.1,3,-0.07,2.2,3,0.77,1.9,1.2,-0.72
21,0,0,0,H,5B,4B,5C,5.6,4.4,-1.17,5.7,5.5,-0.24,5.5,5.5,-0.04,5.3,3.3,-1.99
249,0,0,1,M,4A,4B,5C,5,4.8,-0.22,5.3,5.5,0.23,4.9,4,-0.89,4.7,3.7,-1.01
365,0,0,1,L,N,3C,3C,2,0.3,-1.67,2.4,1,-1.41,1.5,0,-1.47,1.3,0,-1.32
883,0,0,0,L,4B,3C,3B,2.7,3.5,0.77,3.2,4,0.81,2.4,3,0.63,2,1.5,-0.51
451,1,0,1,M,4C,3A,4B,3.5,1.7,-1.79,3.9,1.5,-2.36,3.3,2,-1.28,2.9,0.8,-2.03
22,0,0,1,L,4C,3C,3B,2.7,1.8,-0.98,3.2,3,-0.19,2.4,0,-2.37,2,0.8,-1.17
653,0,0,0,M,4B,4A,4A,4.5,2.9,-1.62,4.8,3,-1.81,4.3,4,-0.35,4.1,1.7,-2.41
829,0,0,0,,,,,,3.1,,,4,,,3,,,1.5,
828,0,0,0,H,5C,4A,5C,5.6,6.4,0.83,5.7,7,1.26,5.5,5.5,-0.04,5.3,5.5,0.18
798,1,0,0,M,4B,4B,4B,4,2.1,-2,4.4,3,-1.37,3.9,2,-1.88,3.5,1.3,-2.19
486,0,0,0,M,5C,3A,4B,4,3.4,-0.7,4.4,3,-1.37,3.9,3,-0.88,3.5,2.2,-1.35
799,1,0,0,M,4B,3A,4B,3.9,2.8,-1.06,4.2,4,-0.19,3.7,3,-0.68,3.3,1.7,-1.64
546,1,0,0,M,4B,4C,4C,3.7,4.2,0.53,4,5.5,1.47,3.5,3,-0.47,3.1,3.3,0.25
129,1,0,0,L,3A,4C,3A,3.2,3.5,0.28,3.6,4,0.43,2.9,3,0.08,2.5,2.7,0.16
715,0,0,0,L,N,3C,3B,2,0,-2.05,2.5,0,-2.51,1.6,0,-1.56,1.4,0,-1.36
207,1,0,0,L,4B,3A,3A,3,1.7,-1.39,3.5,2,-1.46,2.7,0,-2.75,2.3,1,-1.35
108,1,0,1,M,5C,4B,4C,4,4.5,0.45,4.4,7,2.63,3.9,3,-0.88,3.5,3.7,0.15
139,0,0,0,H,5B,4B,5C,5.6,3.2,-2.37,5.7,4,-1.74,5.5,4,-1.54,5.3,2.7,-2.65
327,1,0,0,H,5C,5C,5A,6.5,5.8,-0.71,6.5,7,0.47,6.7,5.5,-1.17,6.4,5,-1.4
243,1,0,0,M,4A,4B,5C,5.3,6,0.68,5.5,7,1.53,5.2,5.5,0.3,5,5.5,0.54
583,0,0,0,H,5B,5C,5B,6.8,8.2,1.35,6.8,8.5,1.65,7,8.5,1.48,6.8,7.5,0.71
590,0,0,1,L,4C,3B,3C,2.6,1.9,-0.75,3.1,2,-1.07,2.2,0,-2.23,1.9,0.8,-1.05
340,0,1,0,L,B,B,B,1.7,4.8,3.09,2.1,5.5,3.42,1.1,4,2.9,1.1,4,2.94
753,0,1,0,H,5C,5C,5B,6.2,7.8,1.58,6.2,7,0.78,6.3,8.5,2.21,6,8,1.99
143,1,0,0,H,5B,4B,5B,6.2,7.5,1.28,6.2,8.5,2.28,6.3,7,0.71,6,7.5,1.49
305,0,0,0,M,4B,3A,4C,3.5,2,-1.49,3.9,2,-1.86,3.3,3,-0.28,2.9,1,-1.86
441,1,0,1,M,3A,4C,4C,3.3,3.4,0.08,3.7,5.5,1.8,3.1,3,-0.1,2.7,0.7,-1.99
21,0,0,0,M,5C,4C,4A,4.8,3.7,-1.07,5,4,-1.05,4.6,4,-0.6,4.4,3.3,-1.04
501,0,0,0,L,3A,3A,4C,3.2,2.8,-0.37,3.6,3,-0.57,2.9,3,0.08,2.5,1.5,-1
481,0,0,0,L,3A,3C,4B,3.2,2.9,-0.32,3.6,4,0.43,2.9,3,0.08,2.5,1.8,-0.67
68,1,0,1,L,B,B,B,1.6,1.5,-0.06,1.9,2,0.13,1.1,2,0.88,1.1,0.7,-0.39
657,1,0,1,M,4B,3B,4B,3.7,1.4,-2.32,4,2,-2.03,3.5,2,-1.47,3.1,1.3,-1.75
545,0,0,0,M,5C,4B,4C,4.3,3,-1.34,4.6,4,-0.59,4.1,3,-1.11,3.8,1,-2.81
60,1,1,0,M,5C,4C,4B,4.3,6.6,2.26,4.6,5.5,0.91,4.1,7,2.89,3.8,7,3.19
628,0,0,0,L,4C,3A,3C,2.7,3.9,1.12,3.2,5.5,2.31,2.4,3,0.63,2,2.2,0.16
66,0,0,0,M,4C,4B,4C,3.9,4,0.14,4.2,4,-0.19,3.7,4,0.32,3.3,2.5,-0.81
538,1,0,0,M,4A,4C,4A,4.8,3.8,-1.02,5,4,-1.05,4.6,3,-1.6,4.4,3.7,-0.71
141,0,0,1,L,4C,3C,3C,2,2.3,0.2,2.5,2,-0.51,1.6,3,1.44,1.4,1.3,-0.03
28,0,0,0,M,4A,3A,3A,3.5,1.6,-1.94,3.9,2,-1.86,3.3,3,-0.28,2.9,1.3,-1.53
727,1,0,0,M,4A,3B,4A,4.3,3.8,-0.49,4.6,4,-0.59,4.1,4,-0.11,3.8,2.3,-1.48
85,1,0,0,M,3A,3B,4A,3.7,3.1,-0.62,4,3,-1.03,3.5,4,0.53,3.1,3.3,0.25
9,0,0,1,L,B,B,N,1.7,0.7,-0.94,2.1,1.5,-0.58,1.1,0,-1.1,1.1,0.5,-0.56
833,0,1,0,L,4C,3A,3A,3,2.3,-0.79,3.5,3,-0.46,2.7,2,-0.75,2.3,0.8,-1.52
73,1,0,1,L,N,3C,N,1.7,2.1,0.44,2.1,3,0.92,1.1,1,-0.1,1.1,1,-0.06
71,0,0,0,M,5C,4B,4A,4.8,3.6,-1.22,5,4,-1.05,4.6,4,-0.6,4.4,2.7,-1.71
444,0,0,0,M,4C,4C,5B,4.8,4.2,-0.62,5,3,-2.05,4.6,4,-0.6,4.4,3.7,-0.71
737,1,0,0,M,3A,4C,4A,4,2.7,-1.4,4.4,3,-1.37,3.9,3,-0.88,3.5,1.2,-2.35
376,0,0,0,H,5B,4C,5B,6.2,6.3,0.08,6.2,7,0.78,6.3,5.5,-0.79,6,6.5,0.49
931,0,0,0,M,4A,4B,4B,4.3,5.8,1.51,4.6,7,2.41,4.1,5.5,1.39,3.8,4,0.19
836,0,0,1,M,4A,4B,4C,3.9,3.1,-0.81,4.2,5.5,1.31,3.7,1.5,-2.18,3.3,1.5,-1.81
15,1,0,1,L,4C,3A,3B,2.9,1.2,-1.66,3.3,3,-0.3,2.6,0,-2.56,2.2,0.3,-1.83
593,1,0,0,H,5B,5C,5A,7.2,4.8,-2.49,7.2,4,-3.2,7.4,5.5,-1.93,7.2,4,-3.22
624,0,0,1,L,N,N,3C,1.7,0.8,-0.91,2.2,1.5,-0.71,1.2,0,-1.18,1.1,0.3,-0.74
428,0,0,0,M,4B,4C,4B,4,2.8,-1.25,4.4,4,-0.37,3.9,3,-0.88,3.5,1,-2.52
293,0,0,0,M,5B,4C,4A,5.3,4.5,-0.77,5.5,5.5,0.03,5.2,4,-1.2,5,3.7,-1.29
367,1,1,0,,,,,,4.2,,,5.5,,,5.5,,,3,
207,0,0,0,M,5C,4A,4A,5.3,4.6,-0.67,5.5,5.5,0.03,5.2,4,-1.2,5,3,-1.96
512,1,0,0,M,5C,4B,4B,4.3,4.4,0.06,4.6,7,2.41,4.1,4,-0.11,3.8,2.7,-1.14
257,0,0,1,M,5B,4A,4C,4.5,4,-0.52,4.8,5.5,0.69,4.3,4,-0.35,4.1,2.5,-1.57
113,0,0,1,M,5C,4C,5C,5,5.1,0.03,5.3,5.5,0.23,4.9,5.5,0.61,4.7,5.5,0.82
173,1,0,0,M,3A,4C,4B,3.5,1.7,-1.84,3.9,3,-0.86,3.3,3,-0.28,2.9,0.8,-2.03
264,0,0,0,H,5C,4A,5C,5.6,3.7,-1.87,5.7,5.5,-0.24,5.5,4,-1.54,5.3,2.3,-2.99
563,0,0,0,H,5C,4B,5C,5.3,4,-1.27,5.5,5.5,0.03,5.2,3,-2.2,5,2.7,-2.29
706,0,0,1,H,5B,4B,5C,5.6,5.4,-0.22,5.7,5.5,-0.24,5.5,5.5,-0.04,5.3,4.5,-0.82
750,0,0,0,M,4C,4C,5C,4,5.1,1,4.4,5.5,1.13,3.9,5.5,1.62,3.5,4.5,0.98
703,0,0,1,H,5C,4B,5B,5.6,2.5,-3.12,5.7,3,-2.74,5.5,3,-2.54,5.3,2,-3.32
881,1,1,0,,,,,,4.9,,,4,,,7,,,4,
521,0,0,0,H,5B,5B,4A,5.9,5.6,-0.26,6,8.5,2.52,5.9,5.5,-0.4,5.7,3.3,-2.32
379,0,0,0,M,4A,4C,4B,4.3,3.9,-0.44,4.6,5.5,0.91,4.1,4,-0.11,3.8,2,-1.81
256,0,0,1,M,4C,4C,4A,4.3,3.5,-0.79,4.6,5.5,0.91,4.1,4,-0.11,3.8,1.7,-2.14
1020,1,0,0,L,N,3A,4C,2.7,0,-2.73,3.2,0,-3.19,2.4,0,-2.37,2,0,-2.01
1016,1,0,1,L,3C,3A,4C,2.9,2.4,-0.51,3.3,3,-0.3,2.6,2,-0.56,2.2,1.8,-0.33
589,0,0,0,H,5C,5C,5C,5.6,6,0.38,5.7,5.5,-0.24,5.5,7,1.46,5.3,6,0.68
748,0,0,1,M,4A,4C,4B,4,2.9,-1.15,4.4,4,-0.37,3.9,3,-0.88,3.5,2.3,-1.19
732,0,0,1,M,4A,4C,4A,4.5,4,-0.52,4.8,5.5,0.69,4.3,4,-0.35,4.1,2,-2.07
400,1,0,0,L,3A,3B,N,2,0.1,-1.95,2.5,0.5,-2.01,1.6,0,-1.56,1.4,0,-1.36
924,0,0,0,M,5C,4A,4A,5.3,5.4,0.08,5.5,7,1.53,5.2,4,-1.2,5,4.5,-0.46
267,1,0,0,M,4A,5C,4B,4.8,0.6,-4.17,5,2,-3.05,4.6,0,-4.6,4.4,0.3,-4.04
613,0,0,0,M,5B,4B,4B,4.8,4.4,-0.42,5,7,1.95,4.6,4,-0.6,4.4,2.2,-2.21
607,1,0,1,M,4B,3B,5B,4.8,2.6,-2.22,5,2.8,-2.3,4.6,4,-0.6,4.4,1.8,-2.54
774,0,0,0,M,4C,3B,4C,3.3,2.1,-1.27,3.7,3,-0.7,3.1,2,-1.1,2.7,1,-1.66
341,0,0,1,M,5C,4C,5C,5,5.1,0.03,5.3,5.5,0.23,4.9,4,-0.89,4.7,4.5,-0.18
132,1,0,0,M,4C,4C,4B,3.5,1.9,-1.59,3.9,3,-0.86,3.3,0,-3.28,2.9,1,-1.86
461,1,0,0,M,4C,4C,4B,3.7,2.4,-1.27,4,3,-1.03,3.5,3,-0.47,3.1,1.2,-1.91
1003,1,0,0,H,5B,5B,5B,6.8,7.3,0.45,6.8,7,0.15,7,8.5,1.48,6.8,7.5,0.71
105,0,0,0,H,4A,5C,5B,6.2,6.4,0.23,6.2,5.5,-0.72,6.3,7,0.71,6,7.5,1.49
324,1,0,0,,,,,,3.5,,,4,,,4,,,2.2,
904,0,0,0,M,4A,4,4A,4.7,5.9,1.13,5.1,7,1.87,4.5,6,1.47,4.2,6,1.8
949,0,0,0,M,4A,4,4A,4.5,4.6,0.09,4.9,4,-0.94,4.3,4,-0.28,4,5,1.03
144,0,0,0,H,5C,4,5C,5.5,5.5,-0.07,5.9,4,-1.86,5.4,6,0.56,5.1,4.5,-0.64
447,0,0,1,M,4A,3,4B,4.1,1.7,-2.39,4.5,2,-2.53,3.8,1,-2.84,3.5,1.7,-1.83
69,0,0,0,M,4A,5,4A,4.7,4,-0.72,5.1,5,-0.13,4.5,5,0.47,4.2,2.7,-1.54
303,1,0,0,M,4C,4,4C,3.1,3.3,0.12,3.6,4,0.41,2.7,3,0.28,2.5,3.8,1.35
604,0,1,1,L,3C,2,N,2.1,1.4,-0.66,2.4,2,-0.41,1.6,1,-0.57,1.5,0.5,-0.99
344,0,1,1,,,,,,3.7,,,5,,,3,,,3,
711,0,0,0,H,5B,5,5B,6.4,7.2,0.72,6.6,6,-0.6,6.6,8,1.42,6.2,7,0.79
1036,0,0,1,M,4A,3,4B,3.9,3.8,-0.15,4.3,4,-0.32,3.6,3,-0.64,3.3,3.7,0.38
231,0,0,0,H,5B,5,5B,6.1,6.7,0.59,6.3,7,0.66,6.2,7,0.81,5.8,6.5,0.68
541,0,1,0,,,,,,3.2,,,2,,,5,,,3.3,
338,1,0,0,M,4C,3,4C,3.4,4.6,1.14,3.9,5,1.14,3,5,1.96,2.8,4.5,1.74
356,0,0,0,H,5C,4,5B,5.8,6,0.16,6.1,6,-0.08,5.8,5,-0.8,5.5,5,-0.46
234,1,1,1,H,5B,5,5A,7.2,3.4,-3.87,7.3,3,-4.3,7.5,5,-2.46,7.1,1.8,-5.29
607,0,0,0,H,5B,4,5C,5.5,6.1,0.53,5.9,6,0.14,5.4,7,1.56,5.1,5,-0.14
970,0,0,0,M,4A,5,4A,4.7,3.5,-1.27,5.1,6,0.87,4.5,3,-1.53,4.2,1.5,-2.7
716,0,0,0,M,4B,4,4C,3.6,2.2,-1.41,4,3,-0.99,3.2,2,-1.24,2.9,1.5,-1.43
625,0,1,0,,,,,,1.6,,,2,,,2,,,1.5,
1035,0,0,0,M,5B,5,4C,4.5,4.5,-0.01,4.9,6,1.05,4.3,4,-0.28,4,3,-0.97
520,1,0,1,L,3C,3,4B,3,0.2,-2.8,3.4,0,-3.44,2.5,1,-1.54,2.4,0,-2.35
125,0,0,0,M,4C,4,4C,3.4,2.3,-1.16,3.9,2,-1.86,3,3,-0.05,2.8,1.2,-1.59
962,1,0,0,M,4B,4,3A,3.4,4.2,0.74,3.9,6,2.14,3,3,-0.05,2.8,3,0.24
162,1,0,0,M,5B,3,3B,3.7,1.2,-2.53,4.2,3,-1.15,3.4,0,-3.44,3.1,0.3,-2.77
673,0,0,0,M,4B,4,5B,4.7,3.7,-1.02,5.1,3,-2.13,4.5,6,1.47,4.2,1.7,-2.54
37,0,0,0,M,4B,4,5C,4.5,4.5,-0.01,4.9,6,1.05,4.3,4,-0.28,4,3.3,-0.63
181,0,0,0,H,5C,5,5C,5.5,5.4,-0.12,5.9,5,-0.86,5.4,6,0.56,5.1,4.2,-0.97
589,1,0,0,H,5B,5,6A,6.1,2.7,-3.46,6.3,3,-3.34,6.2,3,-3.18,5.8,1.3,-4.49
596,1,0,1,H,5B,5,5A,6.8,5,-1.81,6.9,5,-1.94,7,6,-1.01,6.7,1.8,-4.82
723,1,0,0,L,3C,3,3B,2.4,3,0.61,2.8,4,1.24,1.9,3,1.11,1.8,1.2,-0.6
60,0,0,0,M,5C,4,4B,4.7,4.8,0.08,5.1,5,-0.13,4.5,5,0.47,4.2,3.3,-0.87
489,0,0,0,M,4A,4,4B,4.3,3.6,-0.74,4.7,4,-0.7,4.1,4,-0.06,3.7,2.3,-1.39
88,0,0,0,H,5B,4,5A,6.8,4.9,-1.96,6.9,5,-1.94,7,5,-2.02,6.7,4,-2.65
614,0,0,0,M,5C,5,4A,4.7,4.3,-0.42,5.1,5,-0.13,4.5,4,-0.53,4.2,3.3,-0.87
690,1,0,0,L,3C,4,4C,2.7,2.6,-0.1,3.1,3,-0.12,2.3,2,-0.25,2.1,1.2,-0.9
849,0,0,0,M,5B,4,4C,4.5,2.1,-2.41,4.9,4,-0.94,4.3,1,-3.29,4,0.3,-3.63
405,1,0,0,H,5C,4,4A,5,2.9,-2.13,5.4,4,-1.37,4.8,3,-1.81,4.5,1,-3.51
166,0,0,0,M,4B,3,3A,3.4,5.1,1.69,3.9,6,2.14,3,4,0.95,2.8,4.5,1.74
771,0,0,0,H,5B,5,5B,6.4,6.9,0.42,6.6,7,0.4,6.6,7,0.42,6.2,7,0.79
480,0,0,0,H,5B,5,5B,6.1,6.9,0.74,6.3,9,2.66,6.2,5,-1.18,5.8,5.5,-0.32
703,1,0,0,M,5B,4,4C,4.5,1.5,-3.04,4.9,3,-1.95,4.3,1,-3.29,4,0.3,-3.63
898,1,0,0,H,5C,4,4A,5.3,2.2,-3.1,5.6,3,-2.63,5.1,4,-1.11,4.8,1.8,-2.99
515,0,0,0,M,4A,4,3C,3.2,3.7,0.41,3.7,6,2.3,2.9,2,-0.86,2.6,2.3,-0.27
637,0,0,0,M,4C,4,4B,3.6,3.1,-0.46,4,3,-0.99,3.2,4,0.76,2.9,3.3,0.41
446,0,0,1,H,5B,4,5B,6.4,5.3,-1.18,6.6,5,-1.6,6.6,5,-1.58,6.2,5,-1.21
829,1,0,0,M,5C,4,3A,3.9,2.3,-1.65,4.3,3,-1.32,3.6,2,-1.64,3.3,1.2,-2.12
360,0,0,0,M,4B,4,4B,3.9,4,0.1,4.3,4,-0.32,3.6,5,1.36,3.3,3.3,0.05
92,0,0,0,M,4C,4,4A,3.9,5.5,1.6,4.3,6,1.68,3.6,6,2.36,3.3,4.5,1.22
965,1,0,1,M,4B,3,4C,3.7,1.5,-2.23,4.2,2,-2.15,3.4,2,-1.44,3.1,1.2,-1.94
24,0,0,1,L,4C,3,3B,3,2.2,-0.8,3.4,3,-0.44,2.5,2,-0.55,2.4,0.7,-1.69
727,1,0,1,L,3C,3,4C,2.7,2.2,-0.55,3.1,3,-0.12,2.3,2,-0.25,2.1,0.5,-1.56
687,0,0,0,H,5B,6,5B,6.4,5.7,-0.73,6.6,6,-0.6,6.6,5,-1.58,6.2,6,-0.21
389,0,0,1,M,5B,4,4C,4.5,3.6,-0.96,4.9,4,-0.94,4.3,3,-1.28,4,2.7,-1.3
654,1,0,0,M,5C,4,4A,4.7,1.5,-3.22,5.1,2,-3.13,4.5,3,-1.53,4.2,1,-3.2
419,1,0,0,M,4C,3,4B,3.7,0.8,-2.98,4.2,2,-2.15,3.4,1,-2.44,3.1,0.5,-2.61
921,1,0,0,H,5C,4,5C,5.3,3.3,-2,5.6,3,-2.63,5.1,4,-1.11,4.8,2,-2.82
545,0,0,0,H,5B,4,4A,5.3,3.7,-1.6,5.6,3,-2.63,5.1,4,-1.11,4.8,2.5,-2.32
72,0,0,0,H,5B,4,5A,6.8,5.9,-0.91,6.9,5,-1.94,7,6,-1.01,6.7,6,-0.65
248,0,0,0,M,4A,4,4C,3.7,3.8,0.07,4.2,7,2.85,3.4,2,-1.44,3.1,2.3,-0.77
38,1,0,1,M,4C,3,5C,4.3,1.6,-2.74,4.7,2,-2.7,4.1,2,-2.06,3.7,0.8,-2.89
958,0,1,0,H,4A,4,5B,5.5,7.2,1.68,5.9,7,1.14,5.4,8,2.56,5.1,6,0.86
635,0,0,0,,,,,,4.4,,,6,,,5,,,2.3,
514,0,0,0,M,4B,4,3A,3.2,3.9,0.61,3.7,4,0.3,2.9,4,1.14,2.6,3,0.4
498,0,0,0,,,,,,5.2,,,6,,,5,,,4,
260,0,0,0,H,5B,5,5B,6.4,5.6,-0.83,6.6,5,-1.6,6.6,5,-1.58,6.2,4.5,-1.71
1034,0,0,1,L,N,3,3B,2.1,0.9,-1.18,2.4,1,-1.4,1.6,1,-0.57,1.5,0,-1.49
401,0,0,0,H,4A,5,5B,5.3,4.7,-0.6,5.6,3,-2.63,5.1,5,-0.11,4.8,4.2,-0.65
706,1,0,0,M,3A,4,4A,3.6,3.8,0.24,4,7,3.02,3.2,3,-0.23,2.9,1.8,-1.09
548,1,0,1,M,4B,4,4B,3.9,1.6,-2.28,4.3,2,-2.32,3.6,3,-0.64,3.3,1.2,-2.12
154,0,0,0,H,4A,4,5B,5.5,5.3,-0.22,5.9,6,0.14,5.4,5,-0.44,5.1,4,-1.14
879,0,0,1,M,3C,2,5C,3.1,1.9,-1.23,3.6,2,-1.59,2.7,3,0.28,2.5,0.5,-1.98
159,0,0,0,H,5B,4,4A,5.5,4.5,-1.02,5.9,5,-0.86,5.4,4,-1.44,5.1,4,-1.14
566,0,0,0,,,,,,,,,,,,,,,,
629,0,0,0,H,4B,4,5B,5,3.6,-1.38,5.4,4,-1.37,4.8,4,-0.81,4.5,1.5,-3.01
31,0,0,1,M,4C,4,4C,3.4,3,-0.46,3.9,3,-0.86,3,3,-0.05,2.8,2.3,-0.43
206,0,0,0,M,4C,3,4B,3.6,2.1,-1.46,4,2,-1.99,3.2,2,-1.24,2.9,2,-0.93
15,1,1,0,M,4B,4,4C,3.7,2.8,-0.98,4.2,3,-1.15,3.4,2,-1.44,3.1,2.7,-0.44
751,0,0,0,M,4A,5,4A,4.5,5.8,1.29,4.9,6,1.05,4.3,5,0.71,4,4.5,0.53
648,1,0,1,M,5C,4,4B,4.5,0.8,-3.71,4.9,2,-2.94,4.3,2,-2.29,4,0,-3.97
1008,1,1,0,,,,,,5.3,,,6,,,5,,,5,
766,1,0,0,M,4B,4,4A,4.1,2.9,-1.19,4.5,3,-1.52,3.8,2,-1.84,3.5,1.7,-1.83
1016,0,0,0,M,5C,4,3A,3.9,3.8,-0.15,4.3,5,0.68,3.6,2,-1.64,3.3,3.3,0.05
29,0,0,1,L,4C,3,3B,3,1.9,-1.14,3.4,3,-0.44,2.5,1,-1.54,2.4,1,-1.35
451,0,0,0,H,5B,5,6C,6.8,0,-6.81,6.9,0,-6.94,7,0,-7.01,6.7,0,-6.65
270,0,0,0,H,5C,4,5C,5.3,5.2,-0.1,5.6,6,0.38,5.1,5,-0.11,4.8,4,-0.82
796,0,0,0,H,5B,4,5A,6.8,4.6,-2.21,6.9,3,-3.94,7,7,-0.01,6.7,3.3,-3.32
203,0,0,0,H,5C,4,5B,6.1,3.8,-2.36,6.3,3,-3.34,6.2,5,-1.18,5.8,3,-2.82
52,0,0,0,L,3A,4,3B,2.7,2.2,-0.55,3.1,3,-0.12,2.3,2,-0.25,2.1,1.5,-0.56
289,0,0,0,M,4A,4,4B,4.1,2.5,-1.64,4.5,2,-2.53,3.8,3,-0.83,3.5,1.5,-1.99
856,0,0,1,M,4C,3,4C,3.2,2.6,-0.69,3.7,3,-0.7,2.9,3,0.14,2.6,1.5,-1.1
10,1,0,,M,4C,3,4B,3.4,1.9,-1.51,3.9,2,-1.86,3,2,-1.04,2.8,1.3,-1.43
695,,0,,M,4A,4,4A,4.5,5.1,0.54,4.9,6,1.05,4.3,4,-0.28,4,4.5,0.53
399,1,0,1,H,5B,5,5B,6.4,6,-0.43,6.6,6,-0.6,6.6,6,-0.58,6.2,5.5,-0.71
106,1,0,,H,5C,5,5A,6.1,5.6,-0.56,6.3,4,-2.34,6.2,7,0.81,5.8,4.7,-1.16
900,1,0,1,M,4B,3,4C,3.6,2.7,-0.91,4,3,-0.99,3.2,2,-1.24,2.9,1.5,-1.43
938,,0,,M,4B,3,4C,3.6,3.3,-0.31,4,5,1.01,3.2,2,-1.24,2.9,1.7,-1.26
572,,0,1,M,5C,4,4A,4.7,3.2,-1.57,5.1,4,-1.13,4.5,3,-1.53,4.2,1.7,-2.54
183,1,0,1,M,4A,3,3B,3.6,1.7,-1.91,4,3,-0.99,3.2,1,-2.23,2.9,0.3,-2.59
239,1,0,0,M,5C,4,4B,4.3,4.2,-0.14,4.7,6,1.29,4.1,3,-1.06,3.7,2.8,-0.89
442,0,0,0,L,4B,4,3B,3,2.9,-0.09,3.4,4,0.56,2.5,2,-0.55,2.4,2,-0.35
138,0,0,0,M,5C,3,3A,3.7,5,1.22,4.2,5,0.85,3.4,4,0.56,3.1,4,0.89
589,0,0,0,H,5B,4,5C,5.5,3.9,-1.62,5.9,6,0.14,5.4,4,-1.44,5.1,3,-2.14
870,0,0,0,,,,,,3.5,,,5,,,2,,,3.3,
53,0,0,1,M,4B,4,4C,3.7,3.4,-0.38,4.2,5,0.85,3.4,3,-0.44,3.1,2.2,-0.94
73,0,0,1,H,5C,5,5C,5.5,6.7,1.13,5.9,7,1.14,5.4,8,2.56,5.1,5.5,0.36
157,0,0,0,H,5B,4,5A,6.8,3.5,-3.31,6.9,5,-1.94,7,4,-3.02,6.7,1.8,-4.82
387,1,0,0,H,5A,5,5A,7.2,5.3,-1.97,7.3,8,0.7,7.5,5,-2.46,7.1,4.2,-2.96
207,0,0,0,M,5C,5,4A,5,6.5,1.47,5.4,7,1.63,4.8,5,0.19,4.5,7,2.49
414,0,0,0,M,3A,3,4C,3.2,3.5,0.25,3.7,3,-0.7,2.9,5,2.14,2.6,3,0.4
690,0,0,0,M,4A,4,5C,5,3.9,-1.08,5.4,3,-2.37,4.8,4,-0.81,4.5,2.8,-1.67
395,0,0,1,L,B,2,B,1.8,0.7,-1.11,2.1,1,-1.13,1.2,0,-1.2,1.3,0.3,-0.98
257,0,0,1,M,4C,3,4B,3.6,2.5,-1.06,4,2,-1.99,3.2,3,-0.23,2.9,0.7,-2.26
136,0,0,0,M,4A,5,4A,4.5,5.8,1.24,4.9,6,1.05,4.3,6,1.72,4,4.7,0.7
787,0,0,0,M,4A,4,4B,4.1,4.5,0.41,4.5,5,0.47,3.8,4,0.17,3.5,3.7,0.17
438,0,0,0,M,4A,5,5C,4.7,4.8,0.03,5.1,5,-0.13,4.5,5,0.47,4.2,3.7,-0.54
658,0,0,0,H,5C,4,5C,5.3,5.5,0.25,5.6,6,0.38,5.1,6,0.89,4.8,5,0.18
86,0,0,0,L,3C,4,4C,2.9,0,-2.86,3.3,0,-3.3,2.4,0,-2.39,2.2,0,-2.21
342,0,0,0,H,5C,4,4A,5.3,3.4,-1.9,5.6,5,-0.63,5.1,5,-0.11,4.8,1.5,-3.32
516,0,0,0,H,5C,5,5B,5.8,5.2,-0.64,6.1,5,-1.08,5.8,5,-0.8,5.5,4,-1.46
52,1,1,0,M,4C,4,4C,3.2,4.2,0.96,3.7,4,0.3,2.9,4,1.14,2.6,3,0.4
236,0,0,0,H,5C,5,5B,6.1,4.2,-1.91,6.3,5,-1.34,6.2,7,0.81,5.8,2.7,-3.16
1007,0,0,0,M,4A,3,4C,4.1,2.7,-1.44,4.5,3,-1.52,3.8,3,-0.83,3.5,1.5,-1.99
1028,0,0,0,L,3A,3,3C,2.7,3.3,0.55,3.1,4,0.88,2.3,3,0.75,2.1,2,-0.06
973,0,0,0,M,5C,4,3A,4.1,5.3,1.16,4.5,5,0.47,3.8,5,1.16,3.5,5,1.51
744,0,0,1,L,3B,3,3B,2.5,3.3,0.72,2.9,3,0.09,2.1,2,-0.08,1.9,2.5,0.59
173,0,0,1,H,4A,4,5C,5,6.2,1.22,5.4,6,0.63,4.8,7,2.19,4.5,6,1.49
597,0,0,0,M,4C,4,4B,3.6,2.8,-0.76,4,3,-0.99,3.2,2,-1.24,2.9,2.2,-0.76
612,0,0,0,M,5C,5,4A,4.7,6.9,2.13,5.1,8,2.87,4.5,6,1.47,4.2,6,1.8
844,1,0,0,L,3C,4,3C,2.1,0.5,-1.62,2.5,0,-2.51,1.6,1,-0.6,1.5,0.5,-1.04
550,0,0,0,H,5B,5,5B,6.1,6.8,0.69,6.3,9,2.66,6.2,5,-1.18,5.8,6,0.18
750,0,0,0,,,,,,3.5,,,2,,,5,,,3.5,
578,0,1,0,M,4B,4,4A,4.1,3.5,-0.59,4.5,3,-1.52,3.8,5,1.16,3.5,2.2,-1.33
580,1,0,0,,,,,,2.9,,,3,,,3,,,1.8,
790,1,0,1,L,B,2,3C,2,3.4,1.39,2.3,4,1.66,1.4,3,1.64,1.4,2.3,0.96
787,0,0,0,H,5B,5,5B,6.4,5.4,-1.08,6.6,6,-0.6,6.6,5,-1.58,6.2,4,-2.21
757,1,0,1,M,4C,2,4C,3.2,0.4,-2.85,3.7,0,-3.7,2.9,2,-0.86,2.6,0,-2.6
216,0,0,0,H,5C,5,5A,6.4,7.4,0.97,6.6,8,1.4,6.6,6,-0.58,6.2,7,0.79
222,0,1,0,M,4C,4,4A,3.9,4.4,0.5,4.3,4,-0.32,3.6,6,2.36,3.3,4,0.72
676,0,0,0,H,5B,5,4A,5.3,4.2,-1.05,5.6,6,0.38,5.1,3,-2.11,4.8,2.7,-2.15
436,1,0,0,M,5C,4,4A,4.7,3.1,-1.62,5.1,3,-2.13,4.5,5,0.47,4.2,1.5,-2.7
83,0,0,0,H,4B,4,5A,5.3,2.9,-2.33,5.6,3,-2.63,5.1,5,-0.11,4.8,1.8,-2.99
932,0,0,1,L,4C,3,3C,2.8,1,-1.78,3.2,2,-1.2,2.3,0,-2.32,2.1,0.3,-1.81
84,0,0,0,H,5B,4,5A,6.8,6,-0.81,6.9,5,-1.94,7,8,0.99,6.7,4.5,-2.15
13,1,1,0,H,5B,5,6B,6.8,6.2,-0.61,6.9,6,-0.94,7,7,-0.01,6.7,6,-0.65
755,0,0,0,L,3C,3,3B,2.4,1.5,-0.86,2.8,2,-0.76,1.9,1,-0.89,1.8,0.8,-0.94
559,1,0,0,L,3C,3,3B,2.4,2.5,0.06,2.8,3,0.24,1.9,2,0.11,1.8,0.7,-1.1
682,0,0,0,H,5B,5,5B,6.4,6.9,0.47,6.6,6,-0.6,6.6,8,1.42,6.2,7,0.79
264,1,0,0,M,4C,4,4A,3.9,4,0.05,4.3,4,-0.32,3.6,4,0.36,3.3,4,0.72
68,0,0,0,M,4A,5,4C,4.1,1.4,-2.74,4.5,2,-2.53,3.8,1,-2.84,3.5,0.3,-3.16
826,0,0,1,L,4C,3,3C,2.7,0.2,-2.53,3.1,0,-3.12,2.3,0,-2.25,2.1,0,-2.06
601,0,0,1,H,5C,3,5C,5.3,3.1,-2.2,5.6,3,-2.63,5.1,4,-1.11,4.8,1.8,-2.99
63,0,0,0,M,4A,4,4A,4.7,4.1,-0.67,5.1,4,-1.13,4.5,4,-0.53,4.2,3.2,-1.04
362,0,0,0,M,4C,4,4C,3.6,2.1,-1.51,4,3,-0.99,3.2,1,-2.23,2.9,1.2,-1.76
119,0,0,0,M,4C,4,4C,3.4,1.4,-2.01,3.9,2,-1.86,3,1,-2.05,2.8,0.8,-1.93
393,0,0,0,M,4B,4,5C,4.5,3.3,-1.21,4.9,3,-1.95,4.3,5,0.71,4,1.5,-2.47
825,0,1,0,,,,,,1.4,,,2,,,1,,,1.3,
765,0,0,1,H,5A,5,5B,6.8,7,0.19,6.9,7,0.06,7,7,-0.01,6.7,6,-0.65
733,1,0,1,M,5C,4,4B,4.5,1.1,-3.46,4.9,2,-2.94,4.3,0,-4.28,4,0.3,-3.63
954,0,0,1,M,4A,4,4B,4.1,4.1,-0.04,4.5,4,-0.52,3.8,3,-0.83,3.5,3.3,-0.16
350,0,0,0,H,4B,4,5A,5.3,4.5,-0.8,5.6,4,-1.63,5.1,5,-0.11,4.8,3.7,-1.15
493,0,0,0,H,5B,5,5C,6.1,3.9,-2.21,6.3,4,-2.34,6.2,4,-2.18,5.8,3,-2.82
132,0,1,0,M,5C,5,4B,4.3,4.4,0.11,4.7,5,0.29,4.1,4,-0.06,3.7,3.7,-0.05
233,1,0,0,M,5B,4,4B,4.7,3,-1.77,5.1,4,-1.13,4.5,3,-1.53,4.2,1.8,-2.37
925,0,0,0,M,4A,4,4C,3.7,3.4,-0.38,4.2,3,-1.15,3.4,3,-0.44,3.1,3,-0.11
640,1,0,1,M,4A,3,3B,3.2,0.6,-2.65,3.7,1,-2.7,2.9,0,-2.86,2.6,0,-2.6
479,1,0,0,M,4A,4,4B,4.1,3.1,-0.99,4.5,3,-1.52,3.8,3,-0.83,3.5,2.3,-1.16
276,0,0,1,M,4A,4,5C,4.7,8.4,3.68,5.1,9,3.87,4.5,8,3.47,4.2,8,3.8
444,0,0,0,H,5B,5,5C,5.8,6,0.21,6.1,7,0.92,5.8,5,-0.8,5.5,5.5,0.04
646,1,0,1,H,5C,4,5B,5.8,2.9,-2.94,6.1,3,-3.08,5.8,4,-1.79,5.5,2.3,-3.13
700,0,0,0,H,5B,5,5B,6.4,8,1.52,6.6,9,2.4,6.6,8,1.42,6.2,6.5,0.29
375,0,0,0,H,4A,4,5C,5.3,3.8,-1.5,5.6,4,-1.63,5.1,4,-1.11,4.8,1.7,-3.15
847,0,0,0,H,5A,5,5B,7.2,8.3,1.03,7.3,9,1.71,7.5,7,-0.47,7.1,8.5,1.38
54,0,0,0,M,4B,4,4B,3.7,3,-0.73,4.2,5,0.85,3.4,3,-0.44,3.1,2,-1.11
865,0,1,0,,,,,,3.4,,,3,,,5,,,2,
428,0,0,0,M,4C,4,4C,3.4,3.7,0.29,3.9,6,2.14,3,3,-0.05,2.8,2.3,-0.43
265,0,0,0,M,4B,3,4B,3.7,1.1,-2.63,4.2,3,-1.15,3.4,1,-2.44,3.1,0.7,-2.44
96,1,1,0,H,5B,5,4A,5.3,4.1,-1.2,5.6,5,-0.63,5.1,3,-2.11,4.8,3.7,-1.15
960,1,0,0,M,4A,3,3A,3.4,5.2,1.79,3.9,5,1.14,3,5,1.96,2.8,5.2,2.41
833,0,0,0,M,5C,4,4B,4.3,3.6,-0.74,4.7,4,-0.7,4.1,3,-1.06,3.7,2.7,-1.05
310,1,0,0,H,5C,4,5C,5.5,4.6,-0.92,5.9,6,0.14,5.4,5,-0.44,5.1,4,-1.14
629,1,0,0,M,4A,3,3A,3.6,2,-1.61,4,2,-1.99,3.2,2,-1.24,2.9,1.2,-1.76
832,1,0,0,M,5C,4,4B,4.5,1.1,-3.46,4.9,2,-2.94,4.3,1,-3.29,4,1.2,-2.8
444,0,0,0,M,5B,4,4B,4.7,4.8,0.08,5.1,5,-0.13,4.5,4,-0.53,4.2,5,0.8
919,0,0,0,M,5C,4,4B,4.7,3.9,-0.82,5.1,5,-0.13,4.5,4,-0.53,4.2,3.3,-0.87
972,0,0,0,M,5C,4,4B,5,5.3,0.32,5.4,6,0.63,4.8,5,0.19,4.5,5.5,0.99
328,0,0,0,M,4B,4,4B,3.7,3.3,-0.48,4.2,4,-0.15,3.4,3,-0.44,3.1,2,-1.11
1015,0,0,0,M,4B,4,4C,3.6,3.7,0.14,4,4,0.01,3.2,3,-0.23,2.9,3,0.07
83,0,0,1,M,4B,3,4C,3.7,3.3,-0.43,4.2,3,-1.15,3.4,4,0.56,3.1,2.5,-0.61
783,0,0,1,M,4C,3,4B,3.7,3,-0.73,4.2,2,-2.15,3.4,4,0.56,3.1,1.8,-1.27
65,0,0,0,H,4A,4,5B,5,4.3,-0.68,5.4,4,-1.37,4.8,5,0.19,4.5,3.7,-0.84
317,1,0,0,M,4B,4,4C,3.7,3,-0.78,4.2,3,-1.15,3.4,3,-0.44,3.1,2.3,-0.77
868,0,0,0,H,5B,5,4B,5,2,-2.98,5.4,3,-2.37,4.8,1,-3.81,4.5,1.5,-3.01
837,0,0,0,H,5B,5,5C,5.8,3.7,-2.14,6.1,4,-2.08,5.8,4,-1.79,5.5,2.7,-2.79
294,1,0,0,M,5C,4,4B,4.5,1.1,-3.41,4.9,3,-1.95,4.3,1,-3.29,4,0.3,-3.63
431,0,1,0,M,5C,4,4B,4.7,3.8,-0.92,5.1,5,-0.13,4.5,3,-1.53,4.2,2,-2.2
19,0,0,0,M,4B,4,4A,4.1,4.2,0.06,4.5,4,-0.52,3.8,5,1.16,3.5,3.7,0.17
596,0,0,0,M,4A,4,4A,4.7,3.3,-1.47,5.1,3,-2.13,4.5,3,-1.53,4.2,2.2,-2.04
402,1,0,0,H,5C,4,4A,5,0.7,-4.28,5.4,1,-4.36,4.8,2,-2.81,4.5,0,-4.51
415,0,0,0,M,3A,4,4B,3.2,2.1,-1.14,3.7,3,-0.7,2.9,2,-0.86,2.6,0,-2.6
47,0,0,0,M,4C,4,4B,3.7,3.5,-0.23,4.2,5,0.85,3.4,4,0.56,3.1,3,-0.11
483,0,0,0,H,4A,4,5C,5.3,5,-0.25,5.6,6,0.38,5.1,5,-0.11,4.8,4,-0.82
226,1,0,0,M,4A,4,4A,4.7,2.6,-2.12,5.1,3,-2.13,4.5,4,-0.53,4.2,2.7,-1.54
429,1,0,1,M,4A,4,4C,3.9,1.5,-2.43,4.3,2,-2.32,3.6,2,-1.64,3.3,0.3,-2.95
23,0,0,0,M,4A,5,4A,4.7,3.4,-1.32,5.1,4,-1.13,4.5,4,-0.53,4.2,3,-1.2
378,0,0,0,M,4B,4,4C,3.4,2.1,-1.31,3.9,2,-1.86,3,2,-1.04,2.8,1.5,-1.26
714,0,0,0,H,5B,5,4A,5.3,2.2,-3.05,5.6,1,-4.63,5.1,3,-2.11,4.8,0.7,-4.15
638,0,0,1,M,4A,4,4A,4.7,3.7,-1.02,5.1,4,-1.13,4.5,4,-0.53,4.2,3,-1.2
947,0,0,0,H,5C,4,5B,5.8,5.5,-0.34,6.1,6,-0.08,5.8,5,-0.8,5.5,3.3,-2.13
74,0,0,0,M,4A,5,4A,4.7,3.4,-1.32,5.1,4,-1.13,4.5,4,-0.53,4.2,3.3,-0.87
672,0,0,1,M,4B,3,4C,3.4,3.3,-0.16,3.9,3,-0.86,3,4,0.95,2.8,2.2,-0.59
864,0,0,1,M,4C,4,4B,3.6,3.1,-0.51,4,4,0.01,3.2,3,-0.23,2.9,2.2,-0.76
382,0,0,0,M,4B,3,3A,3.2,1.7,-1.6,3.7,1,-2.7,2.9,2,-0.86,2.6,0.7,-1.93
418,1,0,1,M,4B,3,4A,4.5,2.4,-2.11,4.9,2,-2.94,4.3,3,-1.28,4,2,-1.97
898,0,0,1,L,4B,3,3C,2.9,2.1,-0.81,3.3,3,-0.3,2.4,2,-0.4,2.2,1.2,-1.05
664,0,0,0,H,5B,5,4A,5.8,5.2,-0.59,6.1,6,-0.08,5.8,5,-0.8,5.5,4.5,-0.96
85,1,0,0,M,4B,3,3B,3.2,1.9,-1.35,3.7,2,-1.7,2.9,2,-0.86,2.6,2,-0.6
530,0,0,0,M,5C,4,4A,4.7,5.7,0.98,5.1,7,1.87,4.5,5,0.47,4.2,4,-0.2
883,0,0,0,M,5C,5,4B,4.7,4.2,-0.57,5.1,5,-0.13,4.5,4,-0.53,4.2,3.3,-0.87
396,0,0,0,H,5C,4,5A,6.4,2.9,-3.53,6.6,2,-4.6,6.6,5,-1.58,6.2,2.8,-3.38
170,0,0,0,M,4A,4,3A,3.6,4.4,0.79,4,5,1.01,3.2,3,-0.23,2.9,3.3,0.41
274,1,0,0,M,4B,4,4B,3.7,3.1,-0.63,4.2,4,-0.15,3.4,4,0.56,3.1,1.8,-1.27
834,0,1,0,H,5C,5,5B,6.1,6.4,0.24,6.3,6,-0.34,6.2,8,1.82,5.8,5.5,-0.32
725,0,0,1,H,5C,4,5B,6.1,4.1,-2.06,6.3,4,-2.34,6.2,6,-0.19,5.8,2.3,-3.49
879,0,1,0,,,,,,4.7,,,5,,,6,,,5,
397,1,0,0,H,5B,5,5B,6.1,6.3,0.19,6.3,5,-1.34,6.2,9,2.82,5.8,5.2,-0.66
393,1,1,0,L,B,2,B,1.8,5.9,4.04,2.1,6,3.87,1.2,6,4.8,1.3,6,4.68
32,1,0,1,L,N,2,4C,2.4,0.2,-2.19,2.8,0,-2.76,1.9,1,-0.89,1.8,0,-1.77
7,1,0,0,M,4A,5,4A,4.5,6.2,1.64,4.9,8,3.06,4.3,4,-0.28,4,6.5,2.53
419,0,1,0,H,5B,4,6B,6.8,6.5,-0.31,6.9,6,-0.94,7,9,1.99,6.7,4.2,-2.49
106,0,0,0,M,4C,4,4B,3.6,4.3,0.69,4,6,2.02,3.2,4,0.76,2.9,2.7,-0.26
621,0,0,1,H,5B,4,5B,6.4,7.2,0.77,6.6,7,0.4,6.6,8,1.42,6.2,6.5,0.29
398,1,0,1,M,4A,4,5C,5,2.6,-2.38,5.4,4,-1.37,4.8,3,-1.81,4.5,1,-3.51
427,1,0,0,L,3C,3,4B,2.8,3.4,0.57,3.2,4,0.81,2.3,3,0.68,2.1,2.8,0.69
216,0,0,0,M,4B,4,4C,3.6,3.3,-0.26,4,3,-0.99,3.2,3,-0.23,2.9,2.3,-0.59
452,0,0,0,H,4B,4,5A,5,2.9,-2.08,5.4,3,-2.37,4.8,3,-1.81,4.5,1.8,-2.67
124,1,0,0,H,4A,4,5C,5.3,4.3,-0.95,5.6,4,-1.63,5.1,5,-0.11,4.8,2.8,-1.99
975,0,1,1,H,5C,4,5A,6.1,6,-0.08,6.3,5,-1.34,6.2,6,-0.19,5.8,6.3,0.43
412,0,0,0,H,5B,5,5B,6.4,6.2,-0.23,6.6,6,-0.6,6.6,7,0.42,6.2,5.5,-0.71
57,0,0,0,H,5C,5,5B,5.8,5.8,-0.04,6.1,5,-1.08,5.8,6,0.2,5.5,3.8,-1.63
182,0,0,0,M,5C,4,3A,3.9,3.5,-0.45,4.3,4,-0.32,3.6,2,-1.64,3.3,3,-0.28
408,1,0,0,H,4A,4,5B,5,4.8,-0.23,5.4,4,-1.37,4.8,5,0.19,4.5,3.3,-1.17
525,1,0,0,H,5C,4,5A,6.4,5.5,-0.98,6.6,5,-1.6,6.6,6,-0.58,6.2,3.3,-2.88
508,0,0,0,M,4B,4,4B,3.9,3.7,-0.2,4.3,4,-0.32,3.6,5,1.36,3.3,3,-0.28
515,0,0,0,M,4A,3,4B,4.1,5.8,1.66,4.5,4,-0.52,3.8,6,2.16,3.5,5.5,2.01
860,0,0,0,M,4B,4,4A,4.1,2,-2.07,4.5,2,-2.53,3.8,3,-0.83,3.5,1.2,-2.33
382,0,0,0,M,4C,4,5B,4.5,4.5,-0.01,4.9,5,0.05,4.3,6,1.72,4,3.3,-0.63
585,0,0,0,M,4B,4,5C,4.3,4,-0.34,4.7,3,-1.71,4.1,4,-0.06,3.7,3.8,0.11
333,0,0,0,H,5B,5,5B,6.1,6.8,0.64,6.3,9,2.66,6.2,6,-0.19,5.8,4.5,-1.32
1007,0,0,0,L,4C,3,3B,2.9,1.7,-1.16,3.3,2,-1.3,2.4,1,-1.39,2.2,1.3,-0.88
221,0,0,0,H,4A,4,5C,5.3,3.9,-1.35,5.6,4,-1.63,5.1,4,-1.11,4.8,2.8,-1.99
403,1,0,0,M,4A,5,4B,4.3,2.4,-1.91,4.7,4,-0.7,4.1,3,-1.06,3.7,1.3,-2.39
881,0,0,0,M,5C,4,4B,4.5,3.8,-0.76,4.9,5,0.05,4.3,3,-1.28,4,2.7,-1.3
913,1,0,0,M,5C,4,4A,5,6.1,1.07,5.4,6,0.63,4.8,7,2.19,4.5,6,1.49
801,0,0,0,H,4A,4,5C,5,4.2,-0.78,5.4,6,0.63,4.8,4,-0.81,4.5,3.3,-1.17
340,1,0,0,H,5C,4,4A,5.3,5.8,0.5,5.6,5,-0.63,5.1,5,-0.11,4.8,5,0.18
652,1,1,0,M,4A,4,4A,4.5,7.7,3.14,4.9,8,3.06,4.3,7,2.71,4,7,3.03
828,1,0,0,H,5A,5,5A,7.2,6.5,-0.72,7.3,6,-1.29,7.5,7,-0.47,7.1,5.5,-1.62
965,0,0,1,H,5A,4,5C,6.4,4.7,-1.73,6.6,5,-1.6,6.6,6,-0.58,6.2,3.3,-2.88
877,1,1,0,,,,,,7.4,,,7,,,8,,,8,
392,0,0,0,,,,,,3.8,,,4,,,3,,,2.8,
297,1,0,0,M,4A,3,4C,4.1,0.2,-3.89,4.5,0.5,-4.03,3.8,0,-3.84,3.5,0.3,-3.16
116,1,0,0,H,4A,4,5B,5.3,3.1,-2.15,5.6,4,-1.63,5.1,4,-1.11,4.8,1.7,-3.15
1005,0,0,1,H,4B,4,5B,5,1.1,-3.93,5.4,1,-4.36,4.8,2,-2.81,4.5,0.5,-4.01
669,1,0,0,M,4C,4,4C,3.1,0.8,-2.33,3.6,2,-1.59,2.7,0,-2.71,2.5,0,-2.48
972,0,0,0,H,5B,4,5C,5.5,4.2,-1.37,5.9,6,0.14,5.4,4,-1.44,5.1,2.7,-2.47
863,0,0,1,L,3C,3,3B,2.5,1.4,-1.11,2.9,2,-0.92,2.1,1,-1.08,1.9,0.5,-1.41
331,0,0,0,H,5B,5,5A,6.4,8.1,1.67,6.6,9,2.4,6.6,8,1.42,6.2,7,0.79
695,1,0,1,M,4B,4,4C,3.9,3.6,-0.35,4.3,3,-1.32,3.6,4,0.36,3.3,3.7,0.38
657,0,0,1,H,5B,5,5A,6.8,4.8,-2.06,6.9,3,-3.94,7,7,-0.01,6.7,5,-1.65
809,1,0,0,M,4B,4,4C,3.6,2.6,-0.98,4,3,-0.99,3.2,2,-1.24,2.9,2.3,-0.59
59,1,0,0,H,5B,5,5A,6.8,6.1,-0.71,6.9,7,0.06,7,8,0.99,6.7,5.5,-1.15
42,1,0,0,H,5B,5,5B,6.8,4.2,-2.66,6.9,7,0.06,7,5,-2.02,6.7,3,-3.65
534,0,0,0,H,5C,5,5B,5.8,6.4,0.56,6.1,7,0.92,5.8,6,0.2,5.5,5.5,0.04
585,0,0,1,L,3B,3,3C,2.5,2.3,-0.23,2.9,3,0.09,2.1,2,-0.08,1.9,0.7,-1.24
405,0,1,0,L,B,2,B,1.8,4,2.14,2.1,3,0.87,1.2,4,2.81,1.3,5.2,3.85
250,1,1,0,L,4B,3,N,2.6,1.7,-0.88,3,3,0.02,2.1,0,-2.12,1.9,0.8,-1.11
583,1,0,0,M,4B,4,4C,3.7,4.4,0.66,4.2,5,0.83,3.4,4,0.56,3.3,4,0.69
809,1,0,0,M,4A,5,4A,4.5,4.1,-0.44,4.9,5,0.1,4.3,4,-0.31,4.2,3,-1.21
714,0,0,0,H,5C,4,5B,6.1,3.4,-2.66,6.2,8,1.76,6.1,4,-2.13,6,1,-5.04
17,1,0,1,L,N,3,3C,2,0.2,-1.84,2.5,0,-2.46,1.5,0,-1.5,1.7,0,-1.66
4,1,0,0,M,4B,5,5C,4.5,2.2,-2.31,4.9,2,-2.89,4.3,4,-0.31,4.2,1,-3.21
387,1,0,0,L,3A,3,3B,2.8,2.4,-0.39,3.3,3,-0.29,2.4,2,-0.4,2.4,2.3,-0.06
706,0,0,1,M,3B,3,4B,3.2,2.7,-0.55,3.7,2,-1.73,2.9,4,1.09,2.8,2.7,-0.18
541,0,0,0,H,5C,5,5C,5.2,2.7,-2.53,5.6,3,-2.58,5.1,3,-2.13,5.1,2.7,-2.4
548,0,0,0,M,4B,4,5C,4.7,4,-0.73,5.1,5,-0.13,4.6,4,-0.57,4.5,3.3,-1.16
383,0,1,1,M,4B,3,4C,3.7,4.3,0.56,4.2,4,-0.17,3.4,4,0.56,3.3,3.3,0.02
658,0,0,0,H,5C,4,4A,5,3.3,-1.67,5.3,3,-2.34,4.8,4,-0.83,4.8,4,-0.76
644,1,0,0,H,5B,5,6C,6.4,4.3,-2.14,6.5,4,-2.49,6.5,5,-1.51,6.4,4,-2.41
666,0,0,0,H,5C,4,5C,5.5,6.2,0.7,5.8,6,0.2,5.4,7,1.56,5.4,6.3,0.95
947,1,0,0,M,4A,4,4A,4.7,5.9,1.17,5.1,8,2.88,4.6,5,0.43,4.5,5.7,1.18
946,0,0,0,M,5C,4,4A,5,4.9,-0.07,5.3,4,-1.34,4.8,5,0.17,4.8,3.7,-1.1
320,0,0,0,H,5A,5,5A,7.7,7,-0.7,7.6,8,0.38,7.9,7,-0.88,7.9,6,-1.87
376,1,0,0,L,4C,4,3B,2.9,0.9,-1.98,3.4,3,-0.38,2.5,1,-1.48,2.5,0,-2.48
228,1,0,0,M,4A,4,4C,3.7,1.8,-1.94,4.2,2,-2.16,3.4,1,-2.43,3.3,2,-1.31
825,0,0,0,L,3B,3,3B,2.5,1,-1.5,2.9,2,-0.93,2.1,1,-1.09,2.1,0.3,-1.77
172,1,0,0,H,5B,4,5B,6.1,1.7,-3.7,6.2,2,-4.24,6.1,3,-3.13,6,0.7,-5.37
888,1,0,1,L,3A,4,3A,2.9,2.3,-0.58,3.4,3,-0.38,2.5,2,-0.47,2.5,0.7,-1.81
493,0,0,0,M,4A,5,4B,4.3,0,-3.62,4.7,0,-4.71,4.1,0,-4.08,4,0,-3.97
14,1,0,1,M,4A,4,4A,4.5,0.2,-3.66,4.9,0,-4.89,4.3,0,-4.32,4.2,0,-4.21
1019,0,0,0,H,5B,4,5C,5.5,3.6,-1.9,5.8,3,-2.8,5.4,3,-2.44,5.4,3.7,-1.72
572,0,0,0,M,4B,4,4A,4.1,1.8,-2.29,4.5,2,-2.53,3.9,1,-2.89,3.8,1.3,-2.42
989,1,0,1,L,B,3,B,1.7,0.4,-1.36,2.1,1,-1.13,1.1,0,-1.14,1.5,0,-1.49
1023,1,1,0,H,5C,4,5C,5.5,4.4,-1.1,5.8,3,-2.8,5.4,7,1.56,5.4,4.7,-0.72
127,1,0,0,M,4B,4,4A,4.1,0.9,-3.19,4.5,0,-4.53,3.9,3,-0.89,3.8,0.3,-3.42
738,0,0,1,M,4B,4,4B,3.9,4.5,0.58,4.3,6,1.67,3.6,3,-0.64,3.5,4.3,0.82
622,0,0,1,M,4B,4,4C,3.5,1.7,-1.86,4,2,-2.01,3.3,1,-2.25,3.1,1,-2.15
406,0,0,0,H,5B,4,4A,5.2,4.2,-1.08,5.6,5,-0.57,5.1,4,-1.13,5.1,3.3,-1.73
15,0,0,0,H,5C,4,5C,5.2,6.8,1.52,5.6,6,0.43,5.1,8,2.87,5.1,7.7,2.6
473,1,0,1,H,5C,4,5C,5.2,4.2,-1.03,5.6,4,-1.58,5.1,6,0.87,5.1,5.3,0.27
143,0,0,0,M,4A,4,4B,4.5,3.2,-1.29,4.9,3,-1.89,4.3,4,-0.31,4.2,3,-1.21
301,1,0,0,H,5C,5,4A,5,3.3,-1.67,5.3,5,-0.34,4.8,4,-0.83,4.8,1,-3.76
188,0,0,1,H,5C,4,5B,5.8,2.8,-2.96,6,3,-3.01,5.8,3,-2.77,5.7,2.3,-3.36
772,0,0,0,H,5B,5,5B,6.4,4.8,-1.59,6.5,4,-2.49,6.5,6,-0.51,6.4,5,-1.41
303,0,0,0,M,4B,4,4B,3.9,4,0.08,4.3,4,-0.33,3.6,3,-0.64,3.5,3,-0.52
769,0,0,1,M,4C,4,4A,3.7,4.5,0.76,4.2,5,0.83,3.4,4,0.56,3.3,3.3,0.02
567,0,0,1,H,5B,5,4A,5.5,5,-0.55,5.8,5,-0.8,5.4,4,-1.44,5.4,3.7,-1.72
917,1,0,1,H,4A,5,5B,5.2,3.4,-1.83,5.6,3,-2.58,5.1,4,-1.13,5.1,3.3,-1.73
98,1,0,0,,,,,,2.9,,,3,,,3,,,2.3,
503,0,0,0,H,4A,5,5A,6.1,4.7,-1.36,6.2,4,-2.23,6.1,6,-0.13,6,4.3,-1.7
388,0,0,0,H,5C,5,5A,6.4,4.2,-2.19,6.5,3,-3.49,6.5,5,-1.51,6.4,3.7,-2.75
740,1,0,1,L,B,3,4B,2.5,2.6,0.1,2.9,3,0.07,2.1,2,-0.09,2.1,2.3,0.23
342,0,0,1,M,4A,5,4C,4.1,1.9,-2.19,4.5,4,-0.53,3.9,2,-1.89,3.8,1.3,-2.42
42,0,0,0,M,4C,4,4A,3.9,4.3,0.43,4.3,4,-0.33,3.6,4,0.36,3.5,4,0.48
98,0,0,0,H,5B,5,5B,5.8,5.5,-0.26,6,7,1,5.8,5,-0.76,5.7,4.7,-1.02
759,0,0,1,M,4C,4,4C,3.2,3.6,0.35,3.7,3,-0.73,2.9,5,2.09,2.8,3,0.15
133,0,0,0,M,5C,4,4B,4.5,5.6,1.11,4.9,5,0.1,4.3,4,-0.31,4.2,4.3,0.12
324,0,0,1,M,4A,4,4C,4.1,4.1,0.01,4.5,5,0.47,3.9,4,0.1,3.8,3,-0.76
436,0,0,0,H,5B,6,4B,5,4.4,-0.57,5.3,7,1.66,4.8,3,-1.84,4.8,1.7,-3.1
104,0,0,0,M,4B,4,4C,3.5,2.4,-1.18,4,2,-2.01,3.3,2,-1.25,3.1,1.3,-1.82
377,1,0,1,H,5C,4,5A,6.4,5.8,-0.64,6.5,6,-0.49,6.5,7,0.49,6.4,5,-1.41
602,0,0,0,H,5B,5,5A,7.2,6.8,-0.4,7.2,7,-0.18,7.4,6,-1.38,7.3,6.7,-0.67
667,1,0,0,M,4C,4,5C,4.1,2.7,-1.39,4.5,3,-1.53,3.9,3,-0.89,3.8,2,-1.76
631,1,0,0,M,3B,4,5C,3.7,2.9,-0.84,4.2,2,-2.16,3.4,3,-0.44,3.3,0.7,-2.64
1,0,0,0,H,5B,4,4A,5,2.1,-2.87,5.3,3,-2.34,4.8,2,-2.84,4.8,0.3,-4.43
595,0,0,0,H,5B,4,5A,6.8,4.7,-2.11,6.8,3,-3.8,6.9,6,-0.92,6.8,5,-1.84
730,1,0,1,L,4C,3,3C,2.7,1.6,-1.13,3.2,3,-0.17,2.3,1,-1.3,2.3,0.3,-1.99
438,0,0,0,M,4A,4,5C,4.7,3,-1.73,5.1,3,-2.13,4.6,3,-1.58,4.5,2.7,-1.82
828,0,0,0,H,5B,4,5C,5.5,2.2,-3.3,5.8,2,-3.8,5.4,3,-2.44,5.4,0.7,-4.72
201,0,0,0,M,4A,4,4A,4.5,6,1.51,4.9,7,2.11,4.3,5,0.69,4.2,5,0.79
699,1,0,0,M,4A,4,4A,4.5,4.5,0.01,4.9,6,1.11,4.3,4,-0.31,4.2,4.3,0.12
692,0,0,0,H,4A,5,5B,5.5,4.3,-1.25,5.8,5,-0.8,5.4,5,-0.44,5.4,3,-2.38
801,0,0,0,H,5C,5,4A,5,5.8,0.78,5.3,7,1.66,4.8,5,0.17,4.8,5.3,0.57
329,0,1,0,H,5B,5,6C,6.8,7,0.24,6.8,6,-0.8,6.9,8,1.09,6.8,7.7,0.83
577,0,1,0,H,5C,4,5C,5.8,6.9,1.14,6,7,1,5.8,7,1.24,5.7,7,1.31
705,1,0,0,M,4B,5,4C,3.5,4.2,0.67,4,5,0.99,3.3,2,-1.25,3.1,3.3,0.18
704,0,0,0,M,4B,4,4A,4.1,5.6,1.46,4.5,6,1.47,3.9,5,1.11,3.8,4.7,0.91
34,1,0,1,M,4A,4,4B,4.3,2.6,-1.68,4.7,3,-1.71,4.1,2,-2.08,4,2.7,-1.3
955,0,1,0,L,B,3,B,1.7,4.8,3.02,2.1,5,2.87,1.1,4,2.86,1.5,4,2.51
61,0,0,1,M,4C,5,4A,4.1,3.7,-0.39,4.5,4,-0.53,3.9,4,0.1,3.8,3.3,-0.42
355,0,0,0,M,4A,4,4A,4.7,6.3,1.52,5.1,8,2.88,4.6,6,1.42,4.5,5.3,0.84
644,1,0,1,L,B,2,B,1.7,0.7,-1.06,2.1,1,-1.13,1.1,0,-1.14,1.5,0.7,-0.82
759,1,0,0,M,5B,4,4B,5,4.4,-0.62,5.3,5,-0.34,4.8,3,-1.84,4.8,3.7,-1.1
511,1,0,0,L,4C,4,3A,3.1,3.9,0.72,3.6,4,0.38,2.8,3,0.22,2.7,2.7,-0.08
38,0,0,0,M,4A,4,4A,4.5,6.6,2.11,4.9,7,2.11,4.3,6,1.68,4.2,6.3,2.12
561,1,0,0,,,,,,5.9,,,7,,,6,,,5.3,
897,0,0,0,H,5C,5,4A,5,6.6,1.63,5.3,8,2.66,4.8,5,0.17,4.8,6.3,1.57
731,0,0,1,M,4B,4,4B,3.9,4.3,0.38,4.3,5,0.67,3.6,3,-0.64,3.5,3.3,-0.18
304,1,0,1,H,5B,4,5C,5.5,4.3,-1.2,5.8,7,1.21,5.4,4,-1.44,5.4,3.7,-1.72
749,0,0,0,H,4A,4,5B,5.5,2.5,-3,5.8,3,-2.8,5.4,4,-1.44,5.4,0,-5.38
265,0,0,1,M,4A,4,4C,3.9,6,2.13,4.3,9,4.67,3.6,4,0.36,3.5,5.3,1.82
779,1,0,1,L,B,3,B,1.7,2,0.24,2.1,3,0.87,1.1,1,-0.14,1.5,1.3,-0.16
455,1,0,0,M,4C,4,4A,3.7,3.2,-0.49,4.2,3,-1.16,3.4,4,0.56,3.3,2.7,-0.64
506,1,1,0,H,5C,4,6C,6.1,7.2,1.09,6.2,8,1.76,6.1,8,1.88,6,6.3,0.3
294,1,0,0,H,5B,5,4A,5.8,4.1,-1.71,6,6,0,5.8,4,-1.76,5.7,2.7,-3.02
359,1,0,0,M,4C,4,4A,3.9,0.4,-3.47,4.3,1,-3.33,3.6,1,-2.64,3.5,0,-3.52
917,1,0,0,M,4B,4,4A,4.1,2.5,-1.59,4.5,2,-2.53,3.9,3,-0.89,3.8,2,-1.76
514,1,0,0,M,4B,4,4B,3.7,4.9,1.16,4.2,5,0.83,3.4,4,0.56,3.3,5,1.69
47,1,0,0,H,5B,5,5C,5.8,5.7,-0.06,6,6,0,5.8,5,-0.76,5.7,6,0.31
881,1,0,0,H,5B,4,4A,5.5,2.7,-2.83,5.8,3,-2.8,5.4,3,-2.44,5.4,2.7,-2.72
728,0,0,0,M,4A,4,4B,4.3,4.9,0.62,4.7,7,2.29,4.1,4,-0.08,4,3.3,-0.63
218,0,0,1,M,4B,4,4C,3.7,2.2,-1.49,4.2,3,-1.16,3.4,2,-1.43,3.3,0.7,-2.64
375,0,0,0,H,5B,4,6A,6.1,4.4,-1.71,6.2,5,-1.24,6.1,5,-1.13,6,4,-2.04
38,0,0,0,M,4A,3,4B,4.1,2.6,-1.49,4.5,2,-2.53,3.9,3,-0.89,3.8,2.3,-1.42
299,1,1,1,L,3C,4,4A,3.1,3.5,0.32,3.6,4,0.38,2.8,3,0.22,2.7,1.7,-1.08
557,1,0,1,H,5B,4,6C,7.2,4.5,-2.75,7.2,4,-3.18,7.4,5,-2.38,7.3,4.3,-3
1008,0,0,0,M,4C,4,4C,3.5,0.9,-2.63,4,1,-3.01,3.3,1,-2.25,3.1,1,-2.15
838,0,0,0,M,4B,4,4B,3.7,2,-1.69,4.2,3,-1.16,3.4,3,-0.44,3.3,0,-3.31
1032,0,0,0,M,3B,4,4A,3.5,3,-0.58,4,3,-1.01,3.3,4,0.75,3.1,1,-2.15
431,1,1,0,M,4C,4,4C,3.2,1.1,-2.12,3.7,2,-1.73,2.9,1,-1.91,2.8,0.3,-2.51
179,1,0,1,M,4C,3,4C,3.4,1.8,-1.57,3.9,2,-1.86,3.1,2,-1.06,3,1,-1.97
558,0,0,0,M,5C,4,4A,4.7,4.8,0.02,5.1,6,0.88,4.6,4,-0.57,4.5,3.3,-1.16
450,1,1,0,M,4A,4,4A,4.7,4.4,-0.33,5.1,5,-0.13,4.6,5,0.43,4.5,4.3,-0.16
375,0,0,0,M,4A,4,4A,4.5,2.6,-1.89,4.9,4,-0.89,4.3,3,-1.32,4.2,0.7,-3.55
267,0,0,0,,,,,,6.1,,,5,,,7,,,5.3,
893,1,0,1,L,B,3,3B,2.1,3.2,1.07,2.5,4,1.47,1.7,2,0.26,1.8,2.7,0.89
838,0,0,0,M,4B,4,4C,3.5,3.3,-0.28,4,3,-1.01,3.3,4,0.75,3.1,1.7,-1.48
210,0,1,0,H,4B,4,5A,5.5,5.9,0.4,5.8,4,-1.79,5.4,7,1.56,5.4,6,0.62
564,0,0,0,H,5A,4,4B,5,4.7,-0.32,5.3,6,0.66,4.8,4,-0.83,4.8,4,-0.76
315,0,1,0,H,4A,5,5B,5.2,6,0.77,5.6,6,0.43,5.1,7,1.87,5.1,6,0.93
24,0,1,0,M,5C,4,4B,4.5,4.9,0.41,4.9,4,-0.89,4.3,4,-0.31,4.2,5,0.79
473,1,0,0,M,5C,4,4A,4.7,3.1,-1.63,5.1,4,-1.13,4.6,3,-1.58,4.5,1,-3.49
403,0,1,0,H,5C,5,5C,5.2,4.9,-0.33,5.6,6,0.43,5.1,5,-0.14,5.1,4.3,-0.73
336,1,0,0,H,5B,5,5C,6.1,5,-1.06,6.2,6,-0.23,6.1,5,-1.13,6,4.7,-1.37
517,1,0,0,H,5B,4,5C,5.5,0.8,-3.7,5.8,2,-3.8,5.4,1,-4.44,5.4,0,-5.38
163,1,0,1,,,,,,1.5,,,2,,,2,,,0,
635,0,0,0,H,5C,4,4A,5,3.8,-1.22,5.3,4,-1.34,4.8,4,-0.83,4.8,3.3,-1.43
1031,0,0,1,M,4B,4,5C,4.7,5.7,0.92,5.1,5,-0.13,4.6,6,1.42,4.5,5,0.51
630,0,0,0,H,5B,4,5A,6.8,5.9,-0.86,6.8,6,-0.8,6.9,5,-1.91,6.8,5.7,-1.17
211,0,1,0,,,,,,6.5,,,6,,,8,,,6.7,
972,0,0,1,M,4B,4,4C,3.5,2.1,-1.48,4,2,-2.01,3.3,2,-1.25,3.1,0.3,-2.82
827,0,0,0,M,4A,5,5C,5,6.2,1.23,5.3,6,0.66,4.8,6,1.16,4.8,5.7,0.9
415,0,0,0,H,4A,4,5C,5,4,-0.97,5.3,5,-0.34,4.8,4,-0.83,4.8,3,-1.76
692,0,0,0,L,3A,4,3A,3,3.1,0.1,3.5,4,0.52,2.6,3,0.37,2.6,1.7,-0.93
606,0,0,0,M,4B,4,5B,4.7,4.7,-0.08,5.1,3,-2.13,4.6,6,1.42,4.5,5,0.51
733,1,0,0,M,4C,4,4C,3.2,3.7,0.46,3.7,3,-0.73,2.9,4,1.09,2.8,3.7,0.82
818,1,0,1,L,4B,4,3C,3,1,-2,3.5,3,-0.48,2.6,1,-1.63,2.6,0,-2.6
961,1,0,1,L,3B,4,4C,2.9,2.8,-0.13,3.4,2,-1.38,2.5,2,-0.47,2.5,2.3,-0.15
1004,1,0,0,M,5C,5,4B,4.7,3.9,-0.83,5.1,5,-0.13,4.6,4,-0.57,4.5,3.3,-1.16
44,0,0,0,L,3C,3,3A,2.6,2.6,0.03,3,3,-0.05,2.2,4,1.82,2.2,0.3,-1.86
745,1,0,1,M,4B,4,4B,3.9,3.3,-0.62,4.3,3,-1.33,3.6,3,-0.64,3.5,1.7,-1.85
852,0,0,0,H,5B,4,5C,5.8,4.6,-1.21,6,5,-1,5.8,3,-2.77,5.7,4.3,-1.36
525,0,0,0,M,4A,5,4B,4.3,3.2,-1.13,4.7,5,0.29,4.1,2,-2.08,4,1,-2.97
387,0,0,1,H,5B,5,5B,6.8,7,0.24,6.8,8,1.21,6.9,6,-0.92,6.8,7,0.16
945,0,1,1,M,5C,4,4C,4.3,3.2,-1.08,4.7,4,-0.71,4.1,2,-2.08,4,2.3,-1.63
581,1,0,0,M,4B,4,4A,3.9,3.5,-0.37,4.3,3,-1.33,3.6,3,-0.64,3.5,3,-0.52
955,0,0,0,H,5A,5,5C,6.1,4.5,-1.56,6.2,5,-1.24,6.1,5,-1.13,6,4,-2.04
75,0,0,0,M,4A,4,4B,4.3,6.1,1.77,4.7,6,1.29,4.1,5,0.92,4,5.7,1.7
689,0,0,0,M,4B,5,5C,4.7,7.4,2.62,5.1,8,2.88,4.6,7,2.42,4.5,7.3,2.84
552,0,0,0,H,4A,4,5C,5.2,4.5,-0.78,5.6,4,-1.58,5.1,6,0.87,5.1,4,-1.07
61,0,1,0,M,4C,4,4B,3.5,2.6,-0.93,4,2,-2.01,3.3,4,0.75,3.1,0.7,-2.48
16,1,0,0,M,4A,4,4C,3.7,4.2,0.51,4.2,6,1.84,3.4,3,-0.44,3.3,4,0.69
865,0,0,0,H,5C,5,5B,5.5,7,1.5,5.8,7,1.21,5.4,7,1.56,5.4,7.7,2.28
720,0,0,0,H,5C,4,5C,5.8,4.8,-0.96,6,5,-1,5.8,5,-0.76,5.7,3.3,-2.36
155,0,1,0,L,3C,4,4B,2.9,3.8,0.92,3.4,5,1.62,2.5,3,0.52,2.5,3.7,1.19
308,1,0,0,H,5C,5,5B,6.1,5,-1.11,6.2,3,-3.23,6.1,6,-0.13,6,5,-1.04
598,0,0,0,,,,,,3.9,,,6,,,2,,,2.7,
792,0,0,0,M,4A,4,4A,4.5,6.1,1.61,4.9,7,2.11,4.3,5,0.69,4.2,5.7,1.45
709,1,0,1,M,3A,4,4B,3.2,1.4,-1.85,3.7,2,-1.73,2.9,2,-0.91,2.8,0.3,-2.51
814,0,1,0,M,4B,4,4B,4.1,4.2,0.11,4.5,5,0.47,3.9,3,-0.89,3.8,3.7,-0.09
661,1,0,1,M,4B,4,4B,3.9,2.9,-1,4.3,4,-0.33,3.6,3,-0.64,3.5,2.3,-1.18
2,0,0,1,H,4A,5,5A,5.5,5.8,0.25,5.8,5,-0.8,5.4,7,1.56,5.4,5.3,-0.05
526,0,1,1,M,4C,3,4A,3.9,4,0.13,4.3,4,-0.33,3.6,4,0.36,3.5,3.3,-0.18
801,0,1,0,L,4C,4,3B,3,3.3,0.25,3.5,4,0.52,2.6,2,-0.63,2.6,2.7,0.07
1021,0,0,1,L,4B,4,3B,3.1,3.4,0.22,3.6,2,-1.62,2.8,3,0.22,2.7,3.7,0.92
1010,0,0,0,H,5B,4,5B,6.1,5.1,-1.01,6.2,5,-1.24,6.1,5,-1.13,6,5.3,-0.7
578,0,0,0,H,5C,4,5C,5.2,5.8,0.57,5.6,5,-0.57,5.1,6,0.87,5.1,6,0.93
4,0,0,1,M,4B,4,3A,3.4,4.5,1.08,3.9,5,1.14,3.1,3,-0.06,3,3.7,0.7
367,1,0,1,L,3C,4,3A,2.7,3.8,1.09,3.2,5,1.84,2.3,3,0.7,2.3,3.3,1.01
324,1,0,0,M,4C,4,5C,4.3,4.6,0.27,4.7,4,-0.71,4.1,5,0.92,4,3.7,-0.3
686,1,0,1,H,5C,4,5C,5.2,0.5,-3.69,5.6,0.5,-5.07,5.1,0,-5.14,5.1,0,-5.07
906,0,0,0,M,4B,4,4B,3.9,1.7,-2.17,4.3,2,-2.33,3.6,2,-1.64,3.5,0.3,-3.18
881,0,0,1,M,5C,4,4C,4.3,3.5,-0.78,4.7,4,-0.71,4.1,3,-1.08,4,3,-0.97
186,0,0,0,H,5B,5,5B,6.8,8.5,1.69,6.8,9,2.2,6.9,8,1.09,6.8,9,2.16
214,1,0,0,M,3A,4,4C,3.1,3.3,0.12,3.6,3,-0.62,2.8,3,0.22,2.7,2.7,-0.08
641,1,0,0,M,4B,4,4A,4.3,2.7,-1.58,4.7,3,-1.71,4.1,3,-1.08,4,1.7,-2.3
82,1,0,0,M,3B,4,4B,3.1,2.7,-0.48,3.6,3,-0.62,2.8,3,0.22,2.7,0.3,-2.41
838,0,0,0,M,5B,5,4B,5,4.8,-0.17,5.3,6,0.66,4.8,4,-0.83,4.8,4.3,-0.43
25,0,0,0,M,4C,4,4B,3.4,2.3,-1.07,3.9,2,-1.86,3.1,3,-0.06,3,0.7,-2.3
1005,0,0,0,H,5A,4,4B,5.2,4.5,-0.73,5.6,3,-2.58,5.1,4,-1.13,5.1,5.3,0.27
455,0,0,0,H,5B,4,5C,5.8,3.8,-1.96,6,4,-2.01,5.8,5,-0.76,5.7,3.7,-2.02
250,1,1,1,L,N,3,5C,2.9,1.6,-1.28,3.4,1,-2.38,2.5,3,0.52,2.5,1,-1.48
835,0,1,0,M,3A,4,4A,3.5,5.3,1.77,4,5,0.99,3.3,7,3.75,3.1,4.7,1.52
815,1,0,1,M,5C,4,4B,4.3,3.3,-0.98,4.7,4,-0.71,4.1,3,-1.08,4,2.7,-1.3
54,0,0,0,M,5C,5,4C,4.1,3,-1.14,4.5,5,0.47,3.9,2,-1.89,3.8,0.7,-3.09
137,0,0,1,M,4A,5,4B,4.3,5.3,1.02,4.7,5,0.29,4.1,6,1.92,4,5.3,1.37
491,0,0,0,H,4A,4,5C,5,2.7,-2.32,5.3,3,-2.34,4.8,3,-1.84,4.8,0.7,-4.1
931,1,0,0,M,5B,5,4C,4.7,0,-3.64,5.1,0,-5.13,4.6,0,-4.57,4.5,0,-4.49
601,0,0,0,H,5B,4,5C,6.1,4.4,-1.71,6.2,4,-2.23,6.1,4,-2.13,6,3.7,-2.37
292,0,0,0,M,5C,5,4A,5,5.5,0.48,5.3,6,0.66,4.8,5,0.17,4.8,5,0.24
441,0,1,0,,,,,,2.6,,,3,,,4,,,2.7,
535,0,0,1,M,4B,4,4C,3.7,4.7,0.96,4.2,3,-1.16,3.4,4,0.56,3.3,5.7,2.36
583,1,0,1,M,4C,4,4B,3.5,4.4,0.87,4,4,-0.01,3.3,4,0.75,3.1,4.3,1.18
397,1,0,1,M,4A,5,5C,4.7,4.6,-0.18,5.1,4,-1.13,4.6,5,0.43,4.5,4.3,-0.16
288,0,0,0,H,5C,4,5B,6.1,3.8,-2.26,6.2,3,-3.23,6.1,4,-2.13,6,4,-2.04
333,0,0,0,M,4A,4,4B,4.3,4.4,0.12,4.7,4,-0.71,4.1,5,0.92,4,3.7,-0.3
246,0,0,0,L,3C,3,4B,2.9,5,2.12,3.4,4,0.62,2.5,5,2.53,2.5,5.5,3.02
338,0,0,0,L,3C,3,3B,2.5,1.7,-0.78,2.9,2,-0.93,2.1,1,-1.09,2.1,1,-1.11
815,0,1,0,H,4A,4,5B,5.2,4.1,-1.18,5.6,4,-1.58,5.1,5,-0.14,5.1,3.3,-1.73
584,0,0,0,M,5B,4,4B,4.7,3.9,-0.88,5.1,5,-0.13,4.6,3,-1.58,4.5,2.7,-1.82
796,0,0,0,M,4B,4,4B,3.7,3.9,0.16,4.2,5,0.83,3.4,3,-0.44,3.3,3.3,0.02
272,0,0,0,M,4B,4,4A,4.3,4,-0.28,4.7,4,-0.71,4.1,4,-0.08,4,4,0.03
900,1,0,0,M,4B,4,4C,3.9,2.4,-1.47,4.3,3,-1.33,3.6,2,-1.64,3.5,2,-1.52
282,1,0,0,M,4C,4,4A,4.1,2.9,-1.19,4.5,4,-0.53,3.9,2,-1.89,3.8,0.7,-3.09
694,1,0,0,M,5B,5,4C,4.5,0.5,-3.66,4.9,2,-2.89,4.3,0,-4.32,4.2,0,-4.21
606,0,1,0,H,5B,4,5B,6.4,4.8,-1.64,6.5,6,-0.49,6.5,4,-2.52,6.4,4,-2.41
299,0,0,0,M,4B,5,4B,3.9,3.2,-0.67,4.3,5,0.67,3.6,3,-0.64,3.5,0.7,-2.85
19,0,0,1,M,4B,4,3A,3.1,3.6,0.42,3.6,5,1.38,2.8,2,-0.77,2.7,2.7,-0.08
820,1,0,1,H,5C,3,4A,5,1.5,-3.52,5.3,1,-4.34,4.8,0,-4.84,4.8,1,-3.76
920,0,0,1,M,4A,4,4A,4.5,2.3,-2.19,4.9,3,-1.89,4.3,3,-1.32,4.2,0.3,-3.88
397,0,0,0,H,5C,4,4A,5,3.3,-1.67,5.3,3,-2.34,4.8,4,-0.83,4.8,0.3,-4.43
472,0,1,0,L,N,2,4C,2.4,3.6,1.22,2.8,2,-0.85,1.9,4,2.07,2,3,0.98
623,0,1,0,L,3B,3,3A,2.8,4.6,1.81,3.3,4,0.7,2.4,4,1.61,2.4,5.8,3.44
1012,0,0,1,L,3C,3,3B,2.3,1.8,-0.5,2.7,2,-0.71,1.8,1,-0.83,1.9,1.3,-0.57
374,1,0,1,M,4C,3,4C,3.4,0.4,-3.02,3.9,0,-3.86,3.1,0,-3.06,3,0,-2.97
292,1,0,1,L,4C,4,3A,3,3.4,0.41,3.5,5,1.52,2.6,3,0.37,2.6,1,-1.6
690,1,0,1,H,5B,5,5B,6.8,0.3,-3.53,6.8,0,-6.8,6.9,1,-5.91,6.8,0.3,-6.5
1035,0,0,0,M,4B,4,4B,3.7,2.1,-1.59,4.2,3,-1.16,3.4,2,-1.43,3.3,0.3,-2.98
150,0,0,1,H,5C,4,5B,5.5,4.4,-1.1,5.8,5,-0.8,5.4,4,-1.44,5.4,3.7,-1.72
136,0,0,0,M,4C,5,5C,4.1,3.7,-0.39,4.5,4,-0.53,3.9,4,0.1,3.8,0.7,-3.09
174,1,0,0,M,4B,4,4B,3.9,5,1.08,4.3,6,1.67,3.6,4,0.36,3.5,4.3,0.82
812,1,0,0,M,5B,3,4C,4.3,3.1,-1.18,4.7,3,-1.71,4.1,3,-1.08,4,3,-0.97
425,1,0,1,H,5B,4,5C,5.5,5.2,-0.3,5.8,6,0.2,5.4,4,-1.44,5.4,5.3,-0.05
376,1,0,0,M,5C,4,4B,4.7,1.7,-3.03,5.1,4,-1.13,4.6,3,-1.58,4.5,1,-3.49
11,0,0,0,M,4B,4,4C,3.7,3.6,-0.09,4.2,5,0.83,3.4,3,-0.44,3.3,2.3,-0.98